date,symbol,dir,moneyness,ticker,day_lock_ticker,contract_source,quote_source,sig_spot,sig_strike,sig_dte,sig_ts,n_in_day,entry,exit,ret,reason,entry_ts,exit_ts,size_frac,n_concurrent,position_sizing,size_reason,regime_qqq_fp,regime_vix_rev,regime_vixy_z
2026-01-02,AMZN,DN,ATM,AMZN260102P00227500,,open_ladder,1s,226.42,227.5,0,2026-01-02 10:52:00-05:00,1,1.36,2.184,0.6058823529411765,TP,2026-01-02 10:52:00-05:00,2026-01-02 10:57:35-05:00,0.2,1,concurrent,solo_full,-0.0091442763603522,5.0,1.2191360807848761
2026-01-02,MSFT,DN,ATM,MSFT260102P00475000,,open_ladder,1s,474.64,475.0,0,2026-01-02 10:56:00-05:00,1,1.546,2.484,0.6067270375161706,TP,2026-01-02 10:56:00-05:00,2026-01-02 11:00:15-05:00,0.1,2,concurrent,split_cap,-0.009176531303422109,5.0,0.8066015317766398
2026-01-02,AMZN,DN,ATM,AMZN260102P00225000,,open_ladder,1s,225.595,225.0,0,2026-01-02 11:04:00-05:00,2,0.6839999999999999,0.726,0.06140350877192979,MF_FLIP,2026-01-02 11:04:00-05:00,2026-01-02 11:08:00-05:00,0.2,1,concurrent,solo_full,-0.012837467341869968,4.0,2.0612851307527387
2026-01-02,MSFT,DN,ATM,MSFT260102P00472500,,open_ladder,1s,472.3775,472.5,0,2026-01-02 12:48:00-05:00,2,0.8099999999999999,1.03,0.27160493827160503,MF_FLIP,2026-01-02 12:48:00-05:00,2026-01-02 12:58:00-05:00,0.2,1,concurrent,solo_full,-0.013418056317130445,3.0,0.20555917728929546
2026-01-02,MSFT,DN,ATM,MSFT260102P00472500,,open_ladder,1s,471.5315,472.5,0,2026-01-02 13:32:00-05:00,3,1.348,1.762,0.30712166172106814,MF_FLIP,2026-01-02 13:32:01-05:00,2026-01-02 13:44:01-05:00,0.2,1,concurrent,solo_full,-0.013950262877786002,3.0,0.3712570711005046
2026-01-02,MSFT,DN,ATM,MSFT260102P00472500,,open_ladder,1s,470.325,472.5,0,2026-01-02 13:58:00-05:00,4,2.472,1.958,-0.20792880258899682,MF_FLIP,2026-01-02 13:58:02-05:00,2026-01-02 14:01:00-05:00,0.2,1,concurrent,solo_full,-0.015530755088217219,3.0,1.776205780802275
2026-01-07,MSFT,UP,ATM,MSFT260109C00487500,,open_ladder,1s,488.54,487.5,2,2026-01-07 12:15:00-05:00,1,4.03,3.97,-0.01488833746898266,MF_FLIP,2026-01-07 12:15:04-05:00,2026-01-07 12:20:00-05:00,0.2,1,concurrent,solo_full,0.006287231141835159,0.0,-0.1704646303954792
2026-01-08,AMD,DN,ATM,AMD260109P00205000,,open_ladder,1s,205.645,205.0,1,2026-01-08 10:40:00-05:00,1,2.166,2.044,-0.05632502308402576,MF_FLIP,2026-01-08 10:40:00-05:00,2026-01-08 10:47:00-05:00,0.2,1,concurrent,solo_full,-0.006065121943402807,2.0,-1.28343219116175
2026-01-08,NVDA,DN,ATM,NVDA260109P00185000,,open_ladder,1s,185.18,185.0,1,2026-01-08 11:00:00-05:00,1,1.486,1.402,-0.05652759084791392,MF_FLIP,2026-01-08 11:00:00-05:00,2026-01-08 11:04:00-05:00,0.2,1,concurrent,solo_full,-0.005832772489824722,1.0,-1.695183503455676
2026-01-09,TSLA,UP,ATM,TSLA260109C00445000,,open_ladder,1s,444.62,445.0,0,2026-01-09 11:56:00-05:00,1,1.244,1.104,-0.11254019292604489,MF_FLIP,2026-01-09 11:56:00-05:00,2026-01-09 11:59:00-05:00,0.2,1,concurrent,solo_full,0.009437003368631514,0.0,-2.3408387765018155
2026-01-14,TSLA,DN,ATM,TSLA260116P00437500,,open_ladder,1s,437.515,437.5,2,2026-01-14 10:43:00-05:00,1,5.38,5.92,0.1003717472118959,MF_FLIP,2026-01-14 10:43:00-05:00,2026-01-14 10:58:00-05:00,0.2,1,concurrent,solo_full,-0.01326290067557856,6.0,1.1729861003136912
2026-01-14,META,DN,ATM,META260116P00617500,,open_ladder,1s,618.2599,617.5,2,2026-01-14 10:50:00-05:00,1,5.819999999999999,5.42,-0.06872852233676963,MF_FLIP,2026-01-14 10:50:00-05:00,2026-01-14 10:59:00-05:00,0.1,2,concurrent,split_cap,-0.016003066455847814,4.0,0.9717114239353104
2026-01-14,TSLA,DN,ATM,TSLA260116P00435000,,open_ladder,1s,436.1199,435.0,2,2026-01-14 11:45:00-05:00,2,5.04,5.82,0.15476190476190488,MF_FLIP,2026-01-14 11:45:03-05:00,2026-01-14 11:53:00-05:00,0.2,1,concurrent,solo_full,-0.015284365866513383,1.0,0.5124478253718064
2026-01-15,NVDA,UP,ATM,NVDA260116C00188000,,open_ladder,1s,187.985,188.0,1,2026-01-15 10:38:00-05:00,1,1.766,1.524,-0.13703284258210646,MF_FLIP,2026-01-15 10:38:00-05:00,2026-01-15 10:41:00-05:00,0.2,1,concurrent,solo_full,0.010409101912369989,2.0,1.5832437358347953
2026-01-15,AMD,UP,ATM,AMD260116C00237500,,open_ladder,1s,236.2501,237.5,1,2026-01-15 10:56:00-05:00,1,2.646,2.95,0.11489040060468647,MF_FLIP,2026-01-15 10:56:00-05:00,2026-01-15 11:09:01-05:00,0.2,1,concurrent,solo_full,0.008069555394174088,4.0,0.848380060201713
2026-01-15,AMD,UP,ATM,AMD260116C00237500,,open_ladder,1s,237.915,237.5,1,2026-01-15 11:21:00-05:00,2,3.39,2.782,-0.17935103244837758,MF_FLIP,2026-01-15 11:21:01-05:00,2026-01-15 11:26:01-05:00,0.2,1,concurrent,solo_full,0.011103042039861233,0.0,-0.8867814157011757
2026-01-16,AMD,UP,ATM,AMD260116C00235000,,open_ladder,1s,233.1,235.0,0,2026-01-16 12:23:00-05:00,1,0.356,0.582,0.6348314606741572,TP,2026-01-16 12:23:00-05:00,2026-01-16 12:27:40-05:00,0.2,1,concurrent,solo_full,0.0001930315606601951,3.0,-0.07420655400231077
2026-01-21,AMD,UP,ATM,AMD260123C00247500,,open_ladder,1s,247.9233,247.5,2,2026-01-21 10:30:00-05:00,1,5.069999999999999,8.12,0.6015779092702169,TP,2026-01-21 10:30:00-05:00,2026-01-21 10:42:36-05:00,0.2,1,concurrent,solo_full,0.010015788434971418,8.0,-1.1425478720893087
2026-01-21,TSLA,UP,ATM,TSLA260123C00427500,,open_ladder,1s,428.02,427.5,2,2026-01-21 10:37:00-05:00,1,6.08,5.97,-0.018092105263157965,MF_FLIP,2026-01-21 10:37:00-05:00,2026-01-21 10:38:00-05:00,0.1,2,concurrent,split_cap,0.011857772514966225,8.0,-1.0212153370683588
2026-01-21,AMD,UP,ATM,AMD260123C00247500,,open_ladder,1s,251.8,247.5,2,2026-01-21 11:19:00-05:00,2,8.26,8.03,-0.02784503631961266,MF_FLIP,2026-01-21 11:19:00-05:00,2026-01-21 11:22:00-05:00,0.2,1,concurrent,solo_full,0.012581409117821352,9.0,1.000208246375212
2026-01-22,META,UP,ATM,META260123C00635000,,open_ladder,1s,635.58,635.0,1,2026-01-22 10:31:00-05:00,1,5.77,6.13,0.06239168110918558,MF_FLIP,2026-01-22 10:31:00-05:00,2026-01-22 10:54:02-05:00,0.2,1,concurrent,solo_full,0.004366032591053504,4.0,-1.4210571724824128
2026-01-22,META,UP,ATM,META260123C00637500,,open_ladder,1s,637.555,637.5,1,2026-01-22 11:15:00-05:00,2,4.77,5.02,0.052410901467505155,MF_FLIP,2026-01-22 11:15:00-05:00,2026-01-22 11:30:07-05:00,0.2,1,concurrent,solo_full,0.007612153476595385,2.0,-0.17809004276027426
2026-01-22,META,UP,ATM,META260123C00640000,,open_ladder,1s,639.35,640.0,1,2026-01-22 11:46:00-05:00,3,4.63,4.72,0.01943844492440605,MF_FLIP,2026-01-22 11:46:02-05:00,2026-01-22 11:55:00-05:00,0.2,1,concurrent,solo_full,0.008456144906836327,1.0,-0.021896848891280823
2026-01-22,AMD,UP,ATM,AMD260123C00255000,,open_ladder,1s,255.34,255.0,1,2026-01-22 11:49:00-05:00,1,3.43,3.47,0.011661807580174877,MF_FLIP,2026-01-22 11:49:00-05:00,2026-01-22 11:59:04-05:00,0.1,2,concurrent,split_cap,0.008521067324547271,1.0,-0.22940947895049477
2026-01-22,META,UP,ATM,META260123C00642500,,open_ladder,1s,641.5,642.5,1,2026-01-22 12:08:00-05:00,4,4.28,4.23,-0.011682242990654124,MF_FLIP,2026-01-22 12:08:00-05:00,2026-01-22 12:13:04-05:00,0.2,1,concurrent,solo_full,0.00861033564889957,1.0,0.11650956129370195
2026-01-22,AMD,UP,ATM,AMD260123C00255000,,open_ladder,1s,255.0016,255.0,1,2026-01-22 12:29:00-05:00,2,3.58,3.52,-0.016759776536312887,MF_FLIP,2026-01-22 12:29:00-05:00,2026-01-22 12:37:00-05:00,0.2,1,concurrent,solo_full,0.008212685840420564,1.0,-2.836310220449901
2026-01-23,MSFT,UP,ATM,MSFT260123C00465000,,open_ladder,1s,464.84,465.0,0,2026-01-23 10:40:00-05:00,1,2.19,3.22,0.4703196347031964,MF_FLIP,2026-01-23 10:40:01-05:00,2026-01-23 11:01:01-05:00,0.2,1,concurrent,solo_full,0.004526563355778279,1.0,-1.9079645122349747
2026-01-23,AMZN,UP,ATM,AMZN260123C00240000,,open_ladder,1s,239.325,240.0,0,2026-01-23 10:55:00-05:00,1,0.458,0.752,0.6419213973799125,TP,2026-01-23 10:55:00-05:00,2026-01-23 10:57:54-05:00,0.1,2,concurrent,split_cap,0.006294983730146031,0.0,-1.5898634265262623
2026-01-23,AMZN,UP,ATM,AMZN260123C00240000,,open_ladder,1s,240.1574,240.0,0,2026-01-23 11:03:00-05:00,2,0.916,0.736,-0.19650655021834063,MF_FLIP,2026-01-23 11:03:00-05:00,2026-01-23 11:07:01-05:00,0.2,1,concurrent,solo_full,0.007410032539708178,0.0,-1.6627309388953548
2026-01-23,MSFT,UP,ATM,MSFT260123C00465000,,open_ladder,1s,468.9799,465.0,0,2026-01-23 11:17:00-05:00,2,4.41,3.42,-0.22448979591836737,MF_FLIP,2026-01-23 11:17:00-05:00,2026-01-23 11:22:01-05:00,0.2,1,concurrent,solo_full,0.00629852765875194,0.0,-0.9003199938300495
2026-01-29,TSLA,DN,ATM,TSLA260130P00425000,,open_ladder,1s,422.8,425.0,1,2026-01-29 10:30:00-05:00,1,7.52,12.07,0.6050531914893618,TP,2026-01-29 10:30:00-05:00,2026-01-29 10:50:12-05:00,0.2,1,concurrent,solo_full,-0.015672148759025006,11.0,0.38288119523831304
2026-01-29,AMD,DN,ATM,AMD260130P00247500,,open_ladder,1s,247.1,247.5,1,2026-01-29 10:33:00-05:00,1,3.92,6.28,0.6020408163265307,TP,2026-01-29 10:33:00-05:00,2026-01-29 10:50:19-05:00,0.1,2,concurrent,split_cap,-0.01717300977929448,9.0,0.8419183863219979
2026-01-29,TSLA,DN,ATM,TSLA260130P00425000,,open_ladder,1s,421.2496,425.0,1,2026-01-29 11:43:00-05:00,2,8.42,8.28,-0.016627078384798155,MF_FLIP,2026-01-29 11:43:00-05:00,2026-01-29 11:46:00-05:00,0.2,1,concurrent,solo_full,-0.01633568731535462,8.0,-1.3321535562869833
2026-01-29,AMD,DN,ATM,AMD260130P00247500,,open_ladder,1s,247.6044,247.5,1,2026-01-29 12:53:00-05:00,2,3.27,3.17,-0.030581039755351758,MF_FLIP,2026-01-29 12:53:00-05:00,2026-01-29 13:03:00-05:00,0.2,1,concurrent,solo_full,-0.014582049702197564,4.0,1.3263076994358636
2026-01-30,META,DN,ATM,META260130P00720000,,open_ladder,1s,721.085,720.0,0,2026-01-30 10:30:00-05:00,1,3.48,2.548,-0.267816091954023,MF_FLIP,2026-01-30 10:30:03-05:00,2026-01-30 10:35:00-05:00,0.2,1,concurrent,solo_full,-0.007912800305071799,6.0,1.6563983983368347
2026-02-03,MSFT,DN,ATM,MSFT260204P00412500,,open_ladder,1s,412.11,412.5,1,2026-02-03 10:30:00-05:00,1,3.53,3.17,-0.10198300283286121,MF_FLIP,2026-02-03 10:30:00-05:00,2026-02-03 10:40:00-05:00,0.2,1,concurrent,solo_full,-0.012183827286663229,9.0,0.6876423829561349
2026-02-03,AMZN,DN,ATM,AMZN260204P00237500,,open_ladder,1s,237.23,237.5,1,2026-02-03 11:07:00-05:00,1,2.322,2.226,-0.04134366925064603,MF_FLIP,2026-02-03 11:07:00-05:00,2026-02-03 11:11:00-05:00,0.2,1,concurrent,solo_full,-0.010810551865099605,5.0,0.5610354691578598
2026-02-04,AMD,DN,ATM,AMD260206P00207500,,open_ladder,1s,207.6,207.5,2,2026-02-04 10:30:00-05:00,1,4.77,5.63,0.18029350104821806,MF_FLIP,2026-02-04 10:30:00-05:00,2026-02-04 10:40:00-05:00,0.2,1,concurrent,solo_full,-0.00880850028388358,12.0,0.38504194543090886
2026-02-04,NVDA,DN,ATM,NVDA260204P00177500,,open_ladder,1s,176.55,177.5,0,2026-02-04 10:33:00-05:00,1,1.816,2.694,0.48348017621145356,T+30,2026-02-04 10:33:00-05:00,2026-02-04 11:03:00-05:00,0.1,2,concurrent,split_cap,-0.009974207153864989,11.0,0.9784851618879742
2026-02-04,AMD,DN,ATM,AMD260206P00205000,,open_ladder,1s,205.205,205.0,2,2026-02-04 11:03:00-05:00,2,5.13,4.77,-0.07017543859649134,MF_FLIP,2026-02-04 11:03:00-05:00,2026-02-04 11:14:02-05:00,0.2,1,concurrent,solo_full,-0.01405515451374817,8.0,2.757489957569993
2026-02-04,NVDA,DN,ATM,NVDA260204P00175000,,open_ladder,1s,175.335,175.0,0,2026-02-04 11:12:00-05:00,2,1.336,0.992,-0.2574850299401198,MF_FLIP,2026-02-04 11:12:00-05:00,2026-02-04 11:14:00-05:00,0.1,2,concurrent,split_cap,-0.012342282423554396,7.0,0.362208106047397
2026-02-05,AMD,DN,ATM,AMD260206P00195000,,open_ladder,1s,193.815,195.0,1,2026-02-05 10:30:00-05:00,1,5.319999999999999,4.69,-0.11842105263157876,MF_FLIP,2026-02-05 10:30:00-05:00,2026-02-05 10:41:00-05:00,0.2,1,concurrent,solo_full,-0.015323139922723827,7.0,1.202785290008636
2026-02-05,TSLA,DN,ATM,TSLA260206P00387500,,open_ladder,1s,388.1166,387.5,1,2026-02-05 10:34:00-05:00,1,5.73,5.17,-0.0977312390924957,MF_FLIP,2026-02-05 10:34:00-05:00,2026-02-05 10:41:00-05:00,0.1,2,concurrent,split_cap,-0.017007364353885168,8.0,1.4949587999890572
2026-02-06,NVDA,UP,ATM,NVDA260206C00182500,,open_ladder,1s,182.445,182.5,0,2026-02-06 10:30:00-05:00,1,1.436,1.062,-0.26044568245125344,MF_FLIP,2026-02-06 10:30:00-05:00,2026-02-06 10:52:00-05:00,0.2,1,concurrent,solo_full,0.01041806244137744,7.0,-0.8865107817532258
2026-02-09,MSFT,UP,ATM,MSFT260209C00410000,,open_ladder,1s,411.235,410.0,0,2026-02-09 10:56:00-05:00,1,2.226,2.446,0.09883198562443862,MF_FLIP,2026-02-09 10:56:00-05:00,2026-02-09 11:13:00-05:00,0.2,1,concurrent,solo_full,0.006872857306891023,5.0,-0.7005270638280421
2026-02-09,MSFT,UP,ATM,MSFT260209C00412500,,open_ladder,1s,412.0901,412.5,0,2026-02-09 12:07:00-05:00,2,1.048,0.99,-0.055343511450381744,MF_FLIP,2026-02-09 12:07:00-05:00,2026-02-09 12:08:00-05:00,0.2,1,concurrent,solo_full,0.010317733707330579,0.0,-0.6637259220668682
2026-02-10,MSFT,UP,ATM,MSFT260211C00422500,,open_ladder,1s,422.055,422.5,1,2026-02-10 10:45:00-05:00,1,2.946,2.734,-0.0719619823489478,MF_FLIP,2026-02-10 10:45:00-05:00,2026-02-10 11:12:00-05:00,0.2,1,concurrent,solo_full,0.0029462992202886618,8.0,0.15319654873986757
2026-02-10,TSLA,UP,ATM,TSLA260211C00425000,,open_ladder,1s,425.9786,425.0,1,2026-02-10 12:17:00-05:00,1,4.390000000000001,4.42,0.006833712984054552,MF_FLIP,2026-02-10 12:17:00-05:00,2026-02-10 12:29:02-05:00,0.2,1,concurrent,solo_full,0.001595233831979348,3.0,-1.9934842560581034
2026-02-11,AAPL,UP,ATM,AAPL260211C00280000,,open_ladder,1s,279.755,280.0,0,2026-02-11 10:59:00-05:00,1,0.816,0.664,-0.18627450980392146,MF_FLIP,2026-02-11 10:59:00-05:00,2026-02-11 11:01:00-05:00,0.2,1,concurrent,solo_full,0.0012101785831097889,7.0,-0.998293070347927
2026-02-11,MSFT,DN,ATM,MSFT260211P00402500,,open_ladder,1s,402.865,402.5,0,2026-02-11 11:08:00-05:00,1,1.488,1.028,-0.3091397849462365,MF_FLIP,2026-02-11 11:08:00-05:00,2026-02-11 11:13:01-05:00,0.2,1,concurrent,solo_full,-0.0007931575848760808,5.0,-0.8788380278687269
2026-02-12,AMZN,DN,ATM,AMZN260213P00200000,,open_ladder,1s,199.84,200.0,1,2026-02-12 10:43:00-05:00,1,1.794,2.872,0.600891861761427,TP,2026-02-12 10:43:00-05:00,2026-02-12 10:58:33-05:00,0.2,1,concurrent,solo_full,-0.007455138662316507,5.0,2.66402913882198
2026-02-12,AAPL,DN,ATM,AAPL260213P00270000,,open_ladder,1s,269.53,270.0,1,2026-02-12 10:53:00-05:00,1,1.982,3.22,0.6246215943491424,TP,2026-02-12 10:53:00-05:00,2026-02-12 11:00:23-05:00,0.1,2,concurrent,split_cap,-0.007650897226753717,5.0,2.258416418899317
2026-02-12,AMZN,DN,ATM,AMZN260213P00197500,,open_ladder,1s,197.69,197.5,1,2026-02-12 11:05:00-05:00,2,1.862,1.964,0.05477980665950577,MF_FLIP,2026-02-12 11:05:00-05:00,2026-02-12 11:31:00-05:00,0.2,1,concurrent,solo_full,-0.012107667210440543,4.0,2.741928170595444
2026-02-12,AAPL,DN,ATM,AAPL260213P00267500,,open_ladder,1s,267.355,267.5,1,2026-02-12 11:15:00-05:00,2,2.042,2.59,0.26836434867776693,MF_FLIP,2026-02-12 11:15:00-05:00,2026-02-12 11:21:00-05:00,0.1,2,concurrent,split_cap,-0.014290375203915184,2.0,2.157977536611125
2026-02-12,AAPL,DN,ATM,AAPL260213P00265000,,open_ladder,1s,266.17,265.0,1,2026-02-12 11:29:00-05:00,3,1.796,2.158,0.2015590200445434,T+30,2026-02-12 11:29:01-05:00,2026-02-12 11:59:00-05:00,0.1,2,concurrent,split_cap,-0.018042414355627923,8.0,1.6051583113598942
2026-02-12,AMZN,DN,ATM,AMZN260213P00197500,,open_ladder,1s,198.17,197.5,1,2026-02-12 11:53:00-05:00,3,1.764,1.728,-0.020408163265306145,MF_FLIP,2026-02-12 11:53:00-05:00,2026-02-12 11:54:00-05:00,0.1,2,concurrent,split_cap,-0.016345840130505662,13.0,0.4274372189532979
2026-02-12,AAPL,DN,ATM,AAPL260213P00265000,,open_ladder,1s,264.5632,265.0,1,2026-02-12 12:18:00-05:00,4,2.552,2.386,-0.06504702194357359,MF_FLIP,2026-02-12 12:18:00-05:00,2026-02-12 12:29:00-05:00,0.2,1,concurrent,solo_full,-0.017030995106036007,16.0,1.1524689187658015
2026-02-13,NVDA,DN,ATM,NVDA260213P00182500,,open_ladder,1s,183.04,182.5,0,2026-02-13 10:46:00-05:00,1,0.858,1.392,0.6223776223776223,TP,2026-02-13 10:46:00-05:00,2026-02-13 10:49:41-05:00,0.2,1,concurrent,solo_full,-0.00041627814040223754,9.0,-0.740124046944329
2026-02-17,TSLA,DN,ATM,TSLA260218P00407500,,open_ladder,1s,408.36,407.5,1,2026-02-17 11:36:00-05:00,1,4.98,5.109999999999999,0.02610441767068261,MF_FLIP,2026-02-17 11:36:00-05:00,2026-02-17 11:54:01-05:00,0.2,1,concurrent,solo_full,-0.0011798331616204027,8.0,-1.2391323907303555
2026-02-17,TSLA,DN,ATM,TSLA260218P00405000,,open_ladder,1s,405.795,405.0,1,2026-02-17 12:12:00-05:00,2,4.44,4.67,0.051801801801801606,MF_FLIP,2026-02-17 12:12:00-05:00,2026-02-17 12:26:00-05:00,0.2,1,concurrent,solo_full,-0.004054637907540903,7.0,0.7649300702239142
2026-02-17,TSLA,DN,ATM,TSLA260218P00405000,,open_ladder,1s,405.19,405.0,1,2026-02-17 12:50:00-05:00,3,4.97,5.12,0.030181086519114775,MF_FLIP,2026-02-17 12:50:00-05:00,2026-02-17 12:55:01-05:00,0.2,1,concurrent,solo_full,-0.005367410016949736,7.0,1.9215658485937195
2026-02-18,NVDA,UP,ATM,NVDA260218C00190000,,open_ladder,1s,189.85,190.0,0,2026-02-18 10:30:00-05:00,1,0.768,0.682,-0.11197916666666663,MF_FLIP,2026-02-18 10:30:00-05:00,2026-02-18 10:33:00-05:00,0.2,1,concurrent,solo_full,0.010678642714570863,1.0,-0.3346572162666251
2026-02-18,AMZN,UP,ATM,AMZN260218C00207500,,open_ladder,1s,206.61,207.5,0,2026-02-18 10:44:00-05:00,1,0.506,0.312,-0.383399209486166,MF_FLIP,2026-02-18 10:44:00-05:00,2026-02-18 11:03:00-05:00,0.2,1,concurrent,solo_full,0.011759813705921385,1.0,-0.4139855800891666
2026-02-20,AMZN,UP,ATM,AMZN260220C00210000,,open_ladder,1s,210.015,210.0,0,2026-02-20 10:47:00-05:00,1,0.772,1.244,0.6113989637305699,TP,2026-02-20 10:47:00-05:00,2026-02-20 10:56:47-05:00,0.2,1,concurrent,solo_full,0.008467274233637134,9.0,-1.3115602287135624
2026-02-20,META,UP,ATM,META260220C00652500,,open_ladder,1s,660.0099,652.5,0,2026-02-20 11:43:00-05:00,1,7.83,8.549999999999999,0.09195402298850563,MF_FLIP,2026-02-20 11:43:00-05:00,2026-02-20 11:56:02-05:00,0.2,1,concurrent,solo_full,0.00977630488815251,9.0,-1.1302843361206858
2026-02-20,AMZN,UP,ATM,AMZN260220C00210000,,open_ladder,1s,209.45,210.0,0,2026-02-20 11:46:00-05:00,2,0.40599999999999997,0.394,-0.02955665024630527,MF_FLIP,2026-02-20 11:46:00-05:00,2026-02-20 12:02:01-05:00,0.1,2,concurrent,split_cap,0.010154101077050504,8.0,-1.0547476567608896
2026-02-20,META,UP,ATM,META260220C00652500,,open_ladder,1s,658.33,652.5,0,2026-02-20 12:59:00-05:00,2,6.49,5.23,-0.19414483821263473,MF_FLIP,2026-02-20 12:59:01-05:00,2026-02-20 13:02:00-05:00,0.2,1,concurrent,solo_full,0.007141673570836726,11.0,-0.7252670055497551
2026-02-23,TSLA,DN,ATM,TSLA260223P00402500,,open_ladder,1s,403.14,402.5,0,2026-02-23 10:33:00-05:00,1,1.754,2.064,0.17673888255416204,MF_FLIP,2026-02-23 10:33:00-05:00,2026-02-23 10:48:00-05:00,0.2,1,concurrent,solo_full,-0.008032326417976576,12.0,1.0775432659991324
2026-02-23,MSFT,DN,ATM,MSFT260223P00390000,,open_ladder,1s,389.06,390.0,0,2026-02-23 10:37:00-05:00,1,2.408,2.306,-0.04235880398671088,MF_FLIP,2026-02-23 10:37:02-05:00,2026-02-23 10:39:00-05:00,0.1,2,concurrent,split_cap,-0.00826229077350149,11.0,0.6875620818897566
2026-02-23,TSLA,DN,ATM,TSLA260223P00400000,,open_ladder,1s,400.68,400.0,0,2026-02-23 10:58:00-05:00,2,1.646,2.638,0.6026731470230864,TP,2026-02-23 10:58:00-05:00,2026-02-23 11:07:42-05:00,0.2,1,concurrent,solo_full,-0.012682534207197893,6.0,2.224969864515637
2026-02-23,TSLA,DN,ATM,TSLA260223P00397500,,open_ladder,1s,398.18,397.5,0,2026-02-23 11:14:00-05:00,3,1.884,1.824,-0.031847133757961665,MF_FLIP,2026-02-23 11:14:00-05:00,2026-02-23 11:20:00-05:00,0.2,1,concurrent,solo_full,-0.015407611820167921,4.0,1.8520694143495864
2026-02-24,AMZN,UP,ATM,AMZN260225C00210000,,open_ladder,1s,209.75,210.0,1,2026-02-24 12:17:00-05:00,1,1.494,1.384,-0.07362784471218209,MF_FLIP,2026-02-24 12:17:00-05:00,2026-02-24 12:20:00-05:00,0.2,1,concurrent,solo_full,0.011605094270608296,1.0,-1.3555782230103468
2026-02-25,MSFT,UP,ATM,MSFT260225C00400000,,open_ladder,1s,399.123,400.0,0,2026-02-25 10:30:00-05:00,1,1.24,0.914,-0.26290322580645153,MF_FLIP,2026-02-25 10:30:00-05:00,2026-02-25 10:35:01-05:00,0.2,1,concurrent,solo_full,0.012109246462652212,2.0,-1.1411154046892014
2026-02-26,AMD,DN,ATM,AMD260227P00202500,,open_ladder,1s,203.035,202.5,1,2026-02-26 11:00:00-05:00,1,3.09,2.83,-0.08414239482200636,MF_FLIP,2026-02-26 11:00:00-05:00,2026-02-26 11:15:00-05:00,0.2,1,concurrent,solo_full,-0.014192564718095158,11.0,-0.6279485810727656
2026-02-26,TSLA,DN,ATM,TSLA260227P00407500,,open_ladder,1s,407.38,407.5,1,2026-02-26 11:43:00-05:00,1,3.93,5.17,0.31552162849872767,T+30,2026-02-26 11:43:00-05:00,2026-02-26 12:13:00-05:00,0.2,1,concurrent,solo_full,-0.014549406345293003,7.0,0.731450825056891
2026-02-26,TSLA,DN,ATM,TSLA260227P00405000,,open_ladder,1s,404.89,405.0,1,2026-02-26 12:19:00-05:00,2,4.28,3.82,-0.10747663551401876,MF_FLIP,2026-02-26 12:19:00-05:00,2026-02-26 12:29:00-05:00,0.2,1,concurrent,solo_full,-0.01628495425939136,4.0,0.7638914751494928
2026-02-27,NVDA,DN,ATM,NVDA260227P00180000,,open_ladder,1s,180.375,180.0,0,2026-02-27 11:42:00-05:00,1,0.688,0.602,-0.125,MF_FLIP,2026-02-27 11:42:00-05:00,2026-02-27 11:52:00-05:00,0.2,1,concurrent,solo_full,-0.004891179463611617,7.0,0.23680155984481113
2026-02-27,TSLA,DN,ATM,TSLA260227P00400000,,open_ladder,1s,400.215,400.0,0,2026-02-27 12:20:00-05:00,1,1.526,1.244,-0.1847968545216252,MF_FLIP,2026-02-27 12:20:01-05:00,2026-02-27 12:31:00-05:00,0.2,1,concurrent,solo_full,-0.005564126973705785,4.0,2.311957117431345
2026-03-02,NVDA,UP,ATM,NVDA260304C00185000,,open_ladder,1s,182.635,185.0,2,2026-03-02 11:44:00-05:00,1,1.526,1.584,0.038007863695937116,MF_FLIP,2026-03-02 11:44:01-05:00,2026-03-02 11:57:00-05:00,0.2,1,concurrent,solo_full,0.0006285290970449164,4.0,-1.9999366710922937
2026-03-02,NVDA,UP,ATM,NVDA260302C00185000,,open_ladder,1s,183.365,185.0,0,2026-03-02 12:22:00-05:00,2,0.208,0.17200000000000001,-0.17307692307692302,MF_FLIP,2026-03-02 12:22:01-05:00,2026-03-02 12:27:00-05:00,0.2,1,concurrent,solo_full,0.002568112601860184,4.0,-1.0485064873966299
2026-03-03,NVDA,DN,ATM,NVDA260304P00180000,,open_ladder,1s,178.05,180.0,1,2026-03-03 10:30:00-05:00,1,3.68,3.07,-0.16576086956521752,MF_FLIP,2026-03-03 10:30:00-05:00,2026-03-03 10:32:00-05:00,0.2,1,concurrent,solo_full,-0.02570385475595316,9.0,1.4550531946876395
2026-03-03,TSLA,DN,ATM,TSLA260304P00387500,,open_ladder,1s,387.18,387.5,1,2026-03-03 10:30:00-05:00,1,5.68,5.31,-0.0651408450704225,MF_FLIP,2026-03-03 10:30:00-05:00,2026-03-03 10:58:00-05:00,0.1,2,concurrent,split_cap,-0.02570385475595316,9.0,1.4550531946876395
2026-03-04,META,UP,ATM,META260304C00670000,,open_ladder,1s,670.0,670.0,0,2026-03-04 10:30:00-05:00,1,4.46,3.032,-0.3201793721973094,MF_FLIP,2026-03-04 10:30:00-05:00,2026-03-04 10:42:00-05:00,0.2,1,concurrent,solo_full,0.01496667608489699,4.0,-1.6497657375043533
2026-03-05,AMD,DN,ATM,AMD260306P00197500,,open_ladder,1s,197.745,197.5,1,2026-03-05 12:32:00-05:00,1,2.866,4.180000000000001,0.45847871598046064,MF_FLIP,2026-03-05 12:32:00-05:00,2026-03-05 13:00:02-05:00,0.2,1,concurrent,solo_full,-0.009369421013839863,3.0,2.6962052081501464
2026-03-05,META,DN,ATM,META260306P00655000,,open_ladder,1s,653.86,655.0,1,2026-03-05 12:32:00-05:00,1,6.45,6.85,0.06201550387596888,MF_FLIP,2026-03-05 12:32:00-05:00,2026-03-05 12:44:01-05:00,0.1,2,concurrent,split_cap,-0.009369421013839863,3.0,2.6962052081501464
2026-03-05,AMD,DN,ATM,AMD260306P00195000,,open_ladder,1s,196.01,195.0,1,2026-03-05 13:23:00-05:00,2,2.59,2.628,0.014671814671814776,MF_FLIP,2026-03-05 13:23:01-05:00,2026-03-05 13:31:00-05:00,0.2,1,concurrent,solo_full,-0.011104741626402403,10.0,1.0117661324932326
2026-03-05,META,DN,ATM,META260306P00652500,,open_ladder,1s,652.24,652.5,1,2026-03-05 13:32:00-05:00,2,6.11,5.71,-0.06546644844517191,MF_FLIP,2026-03-05 13:32:01-05:00,2026-03-05 13:39:01-05:00,0.2,1,concurrent,solo_full,-0.01310293997215628,11.0,1.4596136006667069
2026-03-05,AMD,DN,ATM,AMD260306P00197500,,open_ladder,1s,196.725,197.5,1,2026-03-05 13:56:00-05:00,3,3.45,3.1199999999999997,-0.09565217391304359,MF_FLIP,2026-03-05 13:56:01-05:00,2026-03-05 13:58:02-05:00,0.2,1,concurrent,solo_full,-0.012791745147817446,10.0,0.6372533217084094
2026-03-06,META,DN,ATM,META260306P00647500,,open_ladder,1s,646.98,647.5,0,2026-03-06 11:15:00-05:00,1,3.28,2.958,-0.09817073170731694,MF_FLIP,2026-03-06 11:15:00-05:00,2026-03-06 11:31:00-05:00,0.2,1,concurrent,solo_full,-0.008112990638856843,5.0,-0.43644188076130885
2026-03-11,TSLA,UP,ATM,TSLA260311C00407500,,open_ladder,1s,407.97,407.5,0,2026-03-11 12:31:00-04:00,1,1.892,1.65,-0.12790697674418605,MF_FLIP,2026-03-11 12:31:00-04:00,2026-03-11 12:43:00-04:00,0.2,1,concurrent,solo_full,0.00026330947091257606,9.0,-1.1209529822754545
2026-03-12,AAPL,DN,ATM,AAPL260313P00255000,,open_ladder,1s,254.7601,255.0,1,2026-03-12 10:30:00-04:00,1,2.272,2.228,-0.0193661971830984,MF_FLIP,2026-03-12 10:30:00-04:00,2026-03-12 10:39:00-04:00,0.2,1,concurrent,solo_full,-0.014364931795369684,7.0,1.7271377466256739
2026-03-12,NVDA,DN,ATM,NVDA260313P00182500,,open_ladder,1s,182.09,182.5,1,2026-03-12 10:30:00-04:00,1,2.078,2.074,-0.0019249278152069227,MF_FLIP,2026-03-12 10:30:00-04:00,2026-03-12 10:38:00-04:00,0.1,2,concurrent,split_cap,-0.014364931795369684,7.0,1.7271377466256739
2026-03-13,META,DN,ATM,META260313P00620000,,open_ladder,1s,620.2,620.0,0,2026-03-13 10:56:00-04:00,1,2.722,2.766,0.016164584864070575,MF_FLIP,2026-03-13 10:56:01-04:00,2026-03-13 11:12:00-04:00,0.2,1,concurrent,solo_full,-0.0019754243814243955,5.0,2.5915470256826483
2026-03-13,META,DN,ATM,META260313P00620000,,open_ladder,1s,619.0901,620.0,0,2026-03-13 11:23:00-04:00,2,2.75,4.46,0.6218181818181818,TP,2026-03-13 11:23:00-04:00,2026-03-13 11:36:36-04:00,0.2,1,concurrent,solo_full,-0.0018247564201292477,6.0,0.9739678023017725
2026-03-13,META,DN,ATM,META260313P00615000,,open_ladder,1s,615.65,615.0,0,2026-03-13 11:42:00-04:00,3,2.2920000000000003,2.264,-0.012216404886562171,MF_FLIP,2026-03-13 11:42:00-04:00,2026-03-13 11:46:00-04:00,0.2,1,concurrent,solo_full,-0.00508922891485597,6.0,1.916259167177593
2026-03-13,AMD,DN,ATM,AMD260313P00195000,,open_ladder,1s,193.7999,195.0,0,2026-03-13 11:46:00-04:00,1,1.828,1.904,0.04157549234135649,MF_FLIP,2026-03-13 11:46:02-04:00,2026-03-13 11:47:00-04:00,0.2,1,concurrent,solo_full,-0.005279572772625474,6.0,1.8783312094250424
2026-03-13,AMD,DN,ATM,AMD260313P00192500,,open_ladder,1s,193.35,192.5,0,2026-03-13 13:49:00-04:00,2,0.46199999999999997,0.618,0.3376623376623378,MF_FLIP,2026-03-13 13:49:02-04:00,2026-03-13 13:52:00-04:00,0.2,1,concurrent,solo_full,-0.0072822847959286285,6.0,3.1251509438726552
2026-03-16,TSLA,UP,ATM,TSLA260316C00402500,,open_ladder,1s,401.52,402.5,0,2026-03-16 10:30:00-04:00,1,2.114,1.718,-0.18732261116367077,MF_FLIP,2026-03-16 10:30:00-04:00,2026-03-16 10:31:00-04:00,0.2,1,concurrent,solo_full,0.012043322272566437,7.0,-0.5316540193496834
2026-03-18,AMZN,DN,ATM,AMZN260318P00210000,,open_ladder,1s,210.86,210.0,0,2026-03-18 12:45:00-04:00,1,0.46799999999999997,0.394,-0.158119658119658,MF_FLIP,2026-03-18 12:45:00-04:00,2026-03-18 12:49:00-04:00,0.2,1,concurrent,solo_full,-0.006463374212794082,5.0,1.385653932064805
2026-04-01,AMD,UP,ATM,AMD260402C00210000,,open_ladder,1s,210.85,210.0,1,2026-04-01 10:30:00-04:00,1,3.53,3.32,-0.059490084985835634,MF_FLIP,2026-04-01 10:30:00-04:00,2026-04-01 10:32:00-04:00,0.2,1,concurrent,solo_full,0.012336694736112541,10.0,-0.4844568900119928
2026-04-02,TSLA,DN,ATM,TSLA260402P00365000,,open_ladder,1s,363.84,365.0,0,2026-04-02 12:30:00-04:00,1,2.134,2.364,0.1077788191190252,MF_FLIP,2026-04-02 12:30:00-04:00,2026-04-02 12:32:00-04:00,0.2,1,concurrent,solo_full,-0.004826618286379203,4.0,1.5930433412209462
2026-04-02,TSLA,DN,ATM,TSLA260402P00365000,,open_ladder,1s,365.01,365.0,0,2026-04-02 13:29:00-04:00,2,1.244,2.008,0.6141479099678457,TP,2026-04-02 13:29:01-04:00,2026-04-02 13:36:29-04:00,0.2,1,concurrent,solo_full,-0.0012324992297949589,0.0,-1.4923377156984856
2026-04-02,TSLA,DN,ATM,TSLA260402P00362500,,open_ladder,1s,362.335,362.5,0,2026-04-02 13:42:00-04:00,3,1.534,2.476,0.6140808344198174,TP,2026-04-02 13:42:00-04:00,2026-04-02 13:48:23-04:00,0.2,1,concurrent,solo_full,-0.0025160031492829082,1.0,-0.8521095939977967
2026-04-02,TSLA,DN,ATM,TSLA260402P00360000,,open_ladder,1s,360.215,360.0,0,2026-04-02 13:54:00-04:00,4,1.326,1.028,-0.22473604826546,MF_FLIP,2026-04-02 13:54:00-04:00,2026-04-02 14:11:00-04:00,0.2,1,concurrent,solo_full,-0.004039297572998368,3.0,-0.2208068995805336
2026-04-06,AAPL,UP,ATM,AAPL260406C00262500,,open_ladder,1s,261.985,262.5,0,2026-04-06 10:31:00-04:00,1,0.736,0.582,-0.2092391304347826,MF_FLIP,2026-04-06 10:31:00-04:00,2026-04-06 10:33:03-04:00,0.2,1,concurrent,solo_full,0.006837606837606813,6.0,-1.5327162088461885
2026-04-06,TSLA,DN,ATM,TSLA260406P00350000,,open_ladder,1s,346.7,350.0,0,2026-04-06 13:13:00-04:00,1,3.47,3.28,-0.05475504322766578,MF_FLIP,2026-04-06 13:13:00-04:00,2026-04-06 13:22:00-04:00,0.2,1,concurrent,solo_full,-0.0003418803418804295,2.0,3.4239545630608728
2026-04-07,AAPL,DN,ATM,AAPL260408P00247500,,open_ladder,1s,247.349,247.5,1,2026-04-07 10:30:00-04:00,1,2.33,2.142,-0.08068669527896999,MF_FLIP,2026-04-07 10:30:00-04:00,2026-04-07 10:37:00-04:00,0.2,1,concurrent,solo_full,-0.010925711955413475,6.0,0.15208452079435014
2026-04-07,TSLA,DN,ATM,TSLA260408P00340000,,open_ladder,1s,340.065,340.0,1,2026-04-07 10:46:00-04:00,1,5.03,5.62,0.11729622266401596,MF_FLIP,2026-04-07 10:46:00-04:00,2026-04-07 11:15:00-04:00,0.2,1,concurrent,solo_full,-0.011112621491198182,10.0,-0.4329864354370812
2026-04-07,TSLA,DN,ATM,TSLA260408P00337500,,open_ladder,1s,338.635,337.5,1,2026-04-07 11:32:00-04:00,2,4.33,4.06,-0.06235565819861444,MF_FLIP,2026-04-07 11:32:00-04:00,2026-04-07 11:35:00-04:00,0.2,1,concurrent,solo_full,-0.011843267858356654,5.0,-0.6927689427125593
2026-04-08,AAPL,UP,ATM,AAPL260408C00260000,,open_ladder,1s,258.915,260.0,0,2026-04-08 11:00:00-04:00,1,0.436,0.586,0.34403669724770625,MF_FLIP,2026-04-08 11:00:00-04:00,2026-04-08 11:08:01-04:00,0.2,1,concurrent,solo_full,0.02573510676247248,7.0,1.9867810752582025
2026-04-08,META,UP,ATM,META260408C00610000,,open_ladder,1s,608.94,610.0,0,2026-04-08 12:13:00-04:00,1,2.778,4.48,0.6126709863210944,TP,2026-04-08 12:13:00-04:00,2026-04-08 12:15:26-04:00,0.2,1,concurrent,solo_full,0.029912177886493696,2.0,-1.5062181748421184
2026-04-08,META,UP,ATM,META260408C00617500,,open_ladder,1s,616.39,617.5,0,2026-04-08 12:21:00-04:00,2,2.604,4.27,0.639784946236559,TP,2026-04-08 12:21:00-04:00,2026-04-08 12:23:07-04:00,0.2,1,concurrent,solo_full,0.02918344119995231,2.0,-0.6770280082262881
2026-04-08,META,UP,ATM,META260408C00617500,,open_ladder,1s,626.68,617.5,0,2026-04-08 12:52:00-04:00,3,10.28,10.7,0.040856031128404746,MF_FLIP,2026-04-08 12:52:02-04:00,2026-04-08 13:06:02-04:00,0.2,1,concurrent,solo_full,0.031756951876199535,2.0,-2.0649037432427337
2026-04-08,META,UP,ATM,META260408C00617500,,open_ladder,1s,624.87,617.5,0,2026-04-08 13:33:00-04:00,4,8.12,8.03,-0.011083743842364546,MF_FLIP,2026-04-08 13:33:00-04:00,2026-04-08 13:35:00-04:00,0.2,1,concurrent,solo_full,0.029217414938252695,1.0,2.1745752868038526
2026-04-09,AMZN,UP,ATM,AMZN260410C00230000,,open_ladder,1s,229.77,230.0,1,2026-04-09 11:15:00-04:00,1,1.692,2.71,0.6016548463356974,TP,2026-04-09 11:15:02-04:00,2026-04-09 11:40:14-04:00,0.2,1,concurrent,solo_full,0.0005116440277939116,2.0,-1.794796861705089
2026-04-09,META,UP,ATM,META260410C00632500,,open_ladder,1s,631.315,632.5,1,2026-04-09 11:20:00-04:00,1,6.11,6.180000000000001,0.011456628477905184,MF_FLIP,2026-04-09 11:20:00-04:00,2026-04-09 11:25:01-04:00,0.1,2,concurrent,split_cap,0.0005116440277939116,2.0,-1.8644322534825972
2026-04-09,META,UP,ATM,META260410C00635000,,open_ladder,1s,633.9659,635.0,1,2026-04-09 11:58:00-04:00,2,6.62,6.74,0.01812688821752273,MF_FLIP,2026-04-09 11:58:03-04:00,2026-04-09 12:13:01-04:00,0.2,1,concurrent,solo_full,0.004398488174421011,5.0,-1.2160885445176741
2026-04-09,AMZN,UP,ATM,AMZN260410C00232500,,open_ladder,1s,232.91,232.5,1,2026-04-09 12:02:00-04:00,2,2.11,2.174,0.03033175355450246,MF_FLIP,2026-04-09 12:02:04-04:00,2026-04-09 12:16:00-04:00,0.1,2,concurrent,split_cap,0.0062552608559309775,5.0,-1.5285483742399006
2026-04-09,META,UP,ATM,META260410C00632500,,open_ladder,1s,633.015,632.5,1,2026-04-09 13:02:00-04:00,3,6.77,6.44,-0.048744460856720684,MF_FLIP,2026-04-09 13:02:01-04:00,2026-04-09 13:09:03-04:00,0.2,1,concurrent,solo_full,0.00461304857317324,0.0,-0.06102345202978019
2026-04-09,AMZN,UP,ATM,AMZN260410C00232500,,open_ladder,1s,231.64,232.5,1,2026-04-09 13:25:00-04:00,3,1.494,1.586,0.061579651941097824,MF_FLIP,2026-04-09 13:25:00-04:00,2026-04-09 13:36:01-04:00,0.2,1,concurrent,solo_full,0.006123223687467982,0.0,-1.2756701375710557
2026-04-10,NVDA,UP,ATM,NVDA260410C00187500,,open_ladder,1s,187.99,187.5,0,2026-04-10 10:30:00-04:00,1,0.876,1.416,0.6164383561643836,TP,2026-04-10 10:30:00-04:00,2026-04-10 10:38:55-04:00,0.2,1,concurrent,solo_full,0.004409546914956541,3.0,-1.619711748616863
2026-04-10,AMD,UP,ATM,AMD260410C00245000,,open_ladder,1s,246.525,245.0,0,2026-04-10 10:39:00-04:00,1,2.83,2.804,-0.009187279151943506,MF_FLIP,2026-04-10 10:39:00-04:00,2026-04-10 10:42:00-04:00,0.2,1,concurrent,solo_full,0.004081699560684493,1.0,1.0121738996880043
2026-04-10,NVDA,UP,ATM,NVDA260410C00190000,,open_ladder,1s,188.865,190.0,0,2026-04-10 10:58:00-04:00,2,0.248,0.28200000000000003,0.1370967741935485,MF_FLIP,2026-04-10 10:58:03-04:00,2026-04-10 11:03:00-04:00,0.2,1,concurrent,solo_full,0.004360369811815756,5.0,1.6300473086642522
2026-04-10,NVDA,UP,ATM,NVDA260410C00190000,,open_ladder,1s,189.815,190.0,0,2026-04-10 11:22:00-04:00,3,0.488,0.512,0.049180327868852514,MF_FLIP,2026-04-10 11:22:00-04:00,2026-04-10 11:27:00-04:00,0.2,1,concurrent,solo_full,0.005278342403776781,1.0,0.6451740937916915
2026-04-10,NVDA,UP,ATM,NVDA260410C00187500,,open_ladder,1s,188.33,187.5,0,2026-04-10 12:20:00-04:00,4,1.304,1.294,-0.0076687116564416735,MF_FLIP,2026-04-10 12:20:00-04:00,2026-04-10 12:29:00-04:00,0.2,1,concurrent,solo_full,0.0012294275785194042,1.0,0.547047417857314
2026-04-13,MSFT,UP,ATM,MSFT260413C00377500,,open_ladder,1s,378.4979,377.5,0,2026-04-13 10:54:00-04:00,1,1.74,2.006,0.15287356321839063,MF_FLIP,2026-04-13 10:54:03-04:00,2026-04-13 11:04:00-04:00,0.2,1,concurrent,solo_full,0.0019148309384309226,3.0,-0.7429366180841344
2026-04-13,MSFT,UP,ATM,MSFT260413C00380000,,open_ladder,1s,380.25,380.0,0,2026-04-13 11:27:00-04:00,2,1.358,1.3,-0.042709867452135564,MF_FLIP,2026-04-13 11:27:01-04:00,2026-04-13 11:37:00-04:00,0.2,1,concurrent,solo_full,0.0015220451049067218,5.0,1.56148772825591
2026-05-01,TSLA,UP,ATM,TSLA260501C00387500,,open_ladder,1s,388.33,387.5,0,2026-05-01 10:33:00-04:00,1,2.572,1.746,-0.3211508553654744,MF_FLIP,2026-05-01 10:33:00-04:00,2026-05-01 10:37:00-04:00,0.2,1,concurrent,solo_full,0.009796285200718957,2.0,-0.24010555122640562
2026-05-04,AMZN,UP,ATM,AMZN260504C00275000,,open_ladder,1s,274.545,275.0,0,2026-05-04 10:38:00-04:00,1,0.736,1.186,0.6114130434782608,TP,2026-05-04 10:38:00-04:00,2026-05-04 10:39:12-04:00,0.2,1,concurrent,solo_full,0.002655156046042606,1.0,-0.3290085733693699
2026-05-04,AMZN,UP,ATM,AMZN260504C00275000,,open_ladder,1s,275.785,275.0,0,2026-05-04 10:48:00-04:00,2,1.802,1.778,-0.013318534961154316,MF_FLIP,2026-05-04 10:48:00-04:00,2026-05-04 10:50:00-04:00,0.2,1,concurrent,solo_full,0.0035442624896167008,1.0,1.224548555842845
2026-05-05,AAPL,UP,ATM,AAPL260506C00282500,,open_ladder,1s,282.43,282.5,1,2026-05-05 13:04:00-04:00,1,1.922,1.706,-0.11238293444328828,MF_FLIP,2026-05-05 13:04:00-04:00,2026-05-05 13:08:00-04:00,0.2,1,concurrent,solo_full,0.012617405778147628,0.0,-0.9944012607830027
2026-05-06,NVDA,UP,ATM,NVDA260506C00205000,,open_ladder,1s,205.27,205.0,0,2026-05-06 10:40:00-04:00,1,1.184,1.336,0.1283783783783785,MF_FLIP,2026-05-06 10:40:00-04:00,2026-05-06 10:56:01-04:00,0.2,1,concurrent,solo_full,0.013689786216307454,3.0,-0.5024838253353471
2026-05-06,AMD,UP,ATM,AMD260508C00417500,,open_ladder,1s,416.93,417.5,2,2026-05-06 11:22:00-04:00,1,10.649999999999999,10.0,-0.06103286384976514,MF_FLIP,2026-05-06 11:22:00-04:00,2026-05-06 11:38:01-04:00,0.2,1,concurrent,solo_full,0.015523894766187984,0.0,-2.3886606461103956
2026-05-06,NVDA,UP,ATM,NVDA260506C00207500,,open_ladder,1s,206.29,207.5,0,2026-05-06 11:24:00-04:00,2,0.548,0.902,0.6459854014598538,TP,2026-05-06 11:24:00-04:00,2026-05-06 11:34:55-04:00,0.1,2,concurrent,split_cap,0.015611931976582172,0.0,-2.359564950864704
2026-05-07,TSLA,UP,ATM,TSLA260508C00412500,,open_ladder,1s,411.92,412.5,1,2026-05-07 10:36:00-04:00,1,5.18,5.22,0.007722007722007707,MF_FLIP,2026-05-07 10:36:00-04:00,2026-05-07 10:54:00-04:00,0.2,1,concurrent,solo_full,0.0055996837149121514,0.0,0.09742506269524989
2026-05-07,MSFT,UP,ATM,MSFT260508C00425000,,open_ladder,1s,425.02,425.0,1,2026-05-07 10:51:00-04:00,1,3.62,3.84,0.06077348066298338,MF_FLIP,2026-05-07 10:51:00-04:00,2026-05-07 10:58:08-04:00,0.1,2,concurrent,split_cap,0.006692304927577775,0.0,-0.06944474636868307
2026-05-07,MSFT,UP,ATM,MSFT260508C00425000,,open_ladder,1s,425.805,425.0,1,2026-05-07 11:18:00-04:00,2,4.03,4.22,0.04714640198511155,MF_FLIP,2026-05-07 11:18:00-04:00,2026-05-07 11:21:01-04:00,0.2,1,concurrent,solo_full,0.005541314739603731,0.0,1.7470355639696986
2026-05-07,TSLA,UP,ATM,TSLA260508C00410000,,open_ladder,1s,410.18,410.0,1,2026-05-07 11:37:00-04:00,2,4.93,5.22,0.05882352941176472,MF_FLIP,2026-05-07 11:37:00-04:00,2026-05-07 11:47:01-04:00,0.2,1,concurrent,solo_full,0.006332890054990381,0.0,1.2939290406326693
2026-05-07,MSFT,UP,ATM,MSFT260508C00427500,,open_ladder,1s,426.36,427.5,1,2026-05-07 11:55:00-04:00,3,2.858,2.536,-0.11266620013995798,MF_FLIP,2026-05-07 11:55:00-04:00,2026-05-07 11:59:00-04:00,0.2,1,concurrent,solo_full,0.0038026093519749615,0.0,1.0201473142722075
2026-05-07,TSLA,UP,ATM,TSLA260508C00407500,,open_ladder,1s,407.5925,407.5,1,2026-05-07 12:38:00-04:00,3,5.17,5.67,0.09671179883945835,MF_FLIP,2026-05-07 12:38:01-04:00,2026-05-07 12:51:00-04:00,0.2,1,concurrent,solo_full,0.0007403946375301729,1.0,-0.7431502876435937
2026-05-08,AAPL,UP,ATM,AAPL260508C00295000,,open_ladder,1s,293.92,295.0,0,2026-05-08 10:30:00-04:00,1,0.578,0.624,0.0795847750865053,MF_FLIP,2026-05-08 10:30:00-04:00,2026-05-08 10:35:03-04:00,0.2,1,concurrent,solo_full,0.014188479415192967,3.0,1.0814686902320496
2026-05-08,AAPL,UP,ATM,AAPL260508C00295000,,open_ladder,1s,294.36,295.0,0,2026-05-08 10:44:00-04:00,2,0.746,0.656,-0.12064343163538871,MF_FLIP,2026-05-08 10:44:00-04:00,2026-05-08 10:49:00-04:00,0.2,1,concurrent,solo_full,0.016073561365893108,1.0,1.0603523854687988
2026-05-08,TSLA,UP,ATM,TSLA260508C00427500,,open_ladder,1s,426.3201,427.5,0,2026-05-08 10:50:00-04:00,1,2.142,3.46,0.61531279178338,TP,2026-05-08 10:50:00-04:00,2026-05-08 10:56:09-04:00,0.2,1,concurrent,solo_full,0.01633258025988238,2.0,1.236576202363541
2026-05-08,TSLA,UP,ATM,TSLA260508C00430000,,open_ladder,1s,429.32,430.0,0,2026-05-08 11:02:00-04:00,2,2.204,2.778,0.26043557168784015,MF_FLIP,2026-05-08 11:02:00-04:00,2026-05-08 11:04:01-04:00,0.2,1,concurrent,solo_full,0.017181586634625212,0.0,0.8962112500655561
2026-05-08,TSLA,UP,ATM,TSLA260508C00430000,,open_ladder,1s,429.865,430.0,0,2026-05-08 11:35:00-04:00,3,2.726,2.158,-0.20836390315480557,MF_FLIP,2026-05-08 11:35:00-04:00,2026-05-08 11:41:00-04:00,0.2,1,concurrent,solo_full,0.017987423193702945,0.0,0.6683516439717422
2026-05-11,TSLA,DN,ATM,TSLA260511P00417500,,open_ladder,1s,417.17,417.5,0,2026-05-11 10:32:00-04:00,1,2.684,2.05,-0.23621460506706415,MF_FLIP,2026-05-11 10:32:00-04:00,2026-05-11 10:38:00-04:00,0.2,1,concurrent,solo_full,-0.0018926748323044862,1.0,0.30175592483246266
2026-05-11,NVDA,UP,ATM,NVDA260511C00220000,,open_ladder,1s,219.67,220.0,0,2026-05-11 10:46:00-04:00,1,0.946,1.516,0.6025369978858353,TP,2026-05-11 10:46:00-04:00,2026-05-11 10:50:52-04:00,0.2,1,concurrent,solo_full,0.001096876713869932,1.0,-0.4981958986786521
2026-05-11,NVDA,UP,ATM,NVDA260511C00220000,,open_ladder,1s,220.86,220.0,0,2026-05-11 11:15:00-04:00,2,1.604,1.828,0.13965087281795507,MF_FLIP,2026-05-11 11:15:00-04:00,2026-05-11 11:19:03-04:00,0.2,1,concurrent,solo_full,0.0013429708483920777,0.0,-1.5445927998106428
2026-05-11,NVDA,UP,ATM,NVDA260511C00222500,,open_ladder,1s,221.37,222.5,0,2026-05-11 11:36:00-04:00,3,0.616,0.616,0.0,MF_FLIP,2026-05-11 11:36:00-04:00,2026-05-11 11:38:00-04:00,0.2,1,concurrent,solo_full,0.0026296916088930367,0.0,-0.9174261733099028
2026-05-12,TSLA,DN,ATM,TSLA260513P00432500,,open_ladder,1s,431.56,432.5,1,2026-05-12 10:57:00-04:00,1,6.92,7.180000000000001,0.037572254335260125,MF_FLIP,2026-05-12 10:57:00-04:00,2026-05-12 11:08:00-04:00,0.2,1,concurrent,solo_full,-0.013737559225097451,2.0,1.3089562602376772
2026-05-12,TSLA,DN,ATM,TSLA260513P00430000,,open_ladder,1s,427.18,430.0,1,2026-05-12 11:22:00-04:00,2,7.53,7.82,0.038512616201859196,MF_FLIP,2026-05-12 11:22:00-04:00,2026-05-12 11:36:00-04:00,0.2,1,concurrent,solo_full,-0.017648237965740443,0.0,1.2508417667130955
2026-05-12,TSLA,DN,ATM,TSLA260513P00430000,,open_ladder,1s,426.14,430.0,1,2026-05-12 11:55:00-04:00,3,8.38,8.729999999999999,0.041766109785202676,MF_FLIP,2026-05-12 11:55:00-04:00,2026-05-12 12:02:00-04:00,0.2,1,concurrent,solo_full,-0.018881942302840016,2.0,-1.4707350558745458
2026-05-12,TSLA,DN,ATM,TSLA260513P00430000,,open_ladder,1s,425.17,430.0,1,2026-05-12 12:31:00-04:00,4,8.83,10.479999999999999,0.1868629671574178,MF_FLIP,2026-05-12 12:31:00-04:00,2026-05-12 12:51:00-04:00,0.2,1,concurrent,solo_full,-0.020858448512714123,1.0,-0.4330906620737643
2026-05-13,TSLA,UP,ATM,TSLA260513C00445000,,open_ladder,1s,443.8,445.0,0,2026-05-13 10:30:00-04:00,1,2.532,4.17,0.6469194312796207,TP,2026-05-13 10:30:00-04:00,2026-05-13 10:35:11-04:00,0.2,1,concurrent,solo_full,0.00270075366581346,0.0,-1.46039234403485
2026-05-13,TSLA,UP,ATM,TSLA260513C00447500,,open_ladder,1s,447.24,447.5,0,2026-05-13 10:41:00-04:00,2,2.766,2.878,0.04049168474331166,MF_FLIP,2026-05-13 10:41:00-04:00,2026-05-13 10:52:00-04:00,0.2,1,concurrent,solo_full,0.0025310728072283073,0.0,-0.959136768099408
2026-05-13,NVDA,UP,ATM,NVDA260513C00225000,,open_ladder,1s,225.48,225.0,0,2026-05-13 10:51:00-04:00,1,1.544,2.492,0.6139896373056994,TP,2026-05-13 10:51:00-04:00,2026-05-13 11:04:34-04:00,0.1,2,concurrent,split_cap,0.0034643175294466477,0.0,-0.6762532005944404
2026-05-13,NVDA,UP,ATM,NVDA260513C00227500,,open_ladder,1s,226.9522,227.5,0,2026-05-13 11:11:00-04:00,2,1.228,1.024,-0.16612377850162863,MF_FLIP,2026-05-13 11:11:00-04:00,2026-05-13 11:18:00-04:00,0.2,1,concurrent,solo_full,0.005005585328261786,0.0,1.5464431681123971
2026-05-13,TSLA,UP,ATM,TSLA260513C00450000,,open_ladder,1s,449.829,450.0,0,2026-05-13 11:19:00-04:00,3,3.14,3.27,0.0414012738853502,MF_FLIP,2026-05-13 11:19:00-04:00,2026-05-13 11:22:00-04:00,0.2,1,concurrent,solo_full,0.005486064959488557,0.0,1.9438175556514214
2026-05-13,TSLA,UP,ATM,TSLA260513C00450000,,open_ladder,1s,452.745,450.0,0,2026-05-13 11:40:00-04:00,4,4.78,4.67,-0.023012552301255318,MF_FLIP,2026-05-13 11:40:00-04:00,2026-05-13 11:41:01-04:00,0.2,1,concurrent,solo_full,0.005783289263443514,1.0,1.3455285278668347
2026-05-14,NVDA,UP,ATM,NVDA260515C00235000,,open_ladder,1s,235.15,235.0,1,2026-05-14 10:40:00-04:00,1,3.13,3.22,0.028753993610223683,MF_FLIP,2026-05-14 10:40:00-04:00,2026-05-14 10:53:00-04:00,0.2,1,concurrent,solo_full,0.007082172799417696,0.0,-0.3772973343762928
2026-05-14,NVDA,UP,ATM,NVDA260515C00235000,,open_ladder,1s,235.415,235.0,1,2026-05-14 11:20:00-04:00,2,3.09,3.01,-0.02588996763754048,MF_FLIP,2026-05-14 11:20:01-04:00,2026-05-14 11:30:00-04:00,0.2,1,concurrent,solo_full,0.009937436141475464,1.0,-0.7598232421656368
2026-05-15,TSLA,DN,ATM,TSLA260515P00427500,,open_ladder,1s,426.8771,427.5,0,2026-05-15 10:30:00-04:00,1,3.77,3.22,-0.1458885941644562,MF_FLIP,2026-05-15 10:30:00-04:00,2026-05-15 10:34:00-04:00,0.2,1,concurrent,solo_full,-0.012254595473302543,4.0,-1.1186103023963343
2026-05-18,TSLA,DN,ATM,TSLA260518P00412500,,open_ladder,1s,413.365,412.5,0,2026-05-18 10:30:00-04:00,1,2.072,3.32,0.6023166023166022,TP,2026-05-18 10:30:00-04:00,2026-05-18 10:34:02-04:00,0.2,1,concurrent,solo_full,-0.0034137395965579964,3.0,-1.1732843948692533
2026-05-18,TSLA,DN,ATM,TSLA260518P00410000,,open_ladder,1s,411.22,410.0,0,2026-05-18 10:40:00-04:00,2,1.728,1.634,-0.05439814814814825,MF_FLIP,2026-05-18 10:40:00-04:00,2026-05-18 10:45:00-04:00,0.2,1,concurrent,solo_full,-0.006369022429115523,5.0,0.7328264570077178
2026-05-19,AMZN,DN,ATM,AMZN260520P00257500,,open_ladder,1s,256.93,257.5,1,2026-05-19 11:15:00-04:00,1,2.268,2.754,0.2142857142857144,MF_FLIP,2026-05-19 11:15:00-04:00,2026-05-19 11:32:00-04:00,0.2,1,concurrent,solo_full,-0.008629607062391131,8.0,-0.3387104657760877
2026-05-19,TSLA,DN,ATM,TSLA260520P00397500,,open_ladder,1s,397.56,397.5,1,2026-05-19 11:26:00-04:00,1,5.38,4.83,-0.1022304832713754,MF_FLIP,2026-05-19 11:26:00-04:00,2026-05-19 11:29:00-04:00,0.1,2,concurrent,split_cap,-0.011166059712913179,4.0,1.4458447801606364
2026-05-19,AMZN,DN,ATM,AMZN260520P00255000,,open_ladder,1s,255.59,255.0,1,2026-05-19 11:54:00-04:00,2,1.662,1.778,0.06979542719614917,MF_FLIP,2026-05-19 11:54:00-04:00,2026-05-19 11:57:02-04:00,0.2,1,concurrent,solo_full,-0.009380623768970309,3.0,1.1370560637335492
2026-05-20,AMD,UP,ATM,AMD260522C00440000,,open_ladder,1s,445.21,440.0,2,2026-05-20 10:30:00-04:00,1,15.48,15.54,0.003875968992248069,MF_FLIP,2026-05-20 10:30:00-04:00,2026-05-20 10:31:00-04:00,0.2,1,concurrent,solo_full,0.011154032556946136,5.0,-1.705526476910812
2026-05-20,NVDA,UP,ATM,NVDA260522C00225000,,open_ladder,1s,225.61,225.0,2,2026-05-20 11:15:00-04:00,1,6.79,6.87,0.01178203240058906,MF_FLIP,2026-05-20 11:15:00-04:00,2026-05-20 11:25:00-04:00,0.2,1,concurrent,solo_full,0.014496678735353763,3.0,-0.6945582518449684
2026-05-20,AMD,UP,ATM,AMD260522C00440000,,open_ladder,1s,445.9117,440.0,2,2026-05-20 11:19:00-04:00,2,16.18,16.32,0.008652657601977864,MF_FLIP,2026-05-20 11:19:00-04:00,2026-05-20 11:31:00-04:00,0.1,2,concurrent,split_cap,0.014026285030076746,3.0,-0.3896844240077417
2026-05-20,AMD,UP,ATM,AMD260522C00440000,,open_ladder,1s,446.41,440.0,2,2026-05-20 11:40:00-04:00,3,17.3,16.67,-0.03641618497109822,MF_FLIP,2026-05-20 11:40:13-04:00,2026-05-20 11:47:00-04:00,0.2,1,concurrent,solo_full,0.013384839068335319,3.0,-1.179776748584665
2026-05-21,NVDA,DN,ATM,NVDA260522P00217500,,open_ladder,1s,218.2775,217.5,1,2026-05-21 10:34:00-04:00,1,2.794,2.494,-0.10737294201861125,MF_FLIP,2026-05-21 10:34:00-04:00,2026-05-21 10:36:00-04:00,0.2,1,concurrent,solo_full,-0.006479027304472251,6.0,-0.8337998296511221
2026-05-21,AMD,DN,ATM,AMD260522P00435000,,open_ladder,1s,434.4,435.0,1,2026-05-21 11:06:00-04:00,1,7.04,6.71,-0.046875,MF_FLIP,2026-05-21 11:06:00-04:00,2026-05-21 11:11:01-04:00,0.2,1,concurrent,solo_full,-0.007138149129819027,2.0,-1.264249816622072
2026-05-22,AMD,UP,ATM,AMD260522C00470000,,open_ladder,1s,468.7,470.0,0,2026-05-22 10:30:00-04:00,1,3.96,3.9699999999999998,0.002525252525252375,MF_FLIP,2026-05-22 10:30:00-04:00,2026-05-22 10:43:05-04:00,0.2,1,concurrent,solo_full,0.004695919938414006,0.0,-2.005850035898639
2026-05-22,TSLA,UP,ATM,TSLA260522C00427500,,open_ladder,1s,426.77,427.5,0,2026-05-22 10:38:00-04:00,1,2.828,2.492,-0.1188118811881188,MF_FLIP,2026-05-22 10:38:01-04:00,2026-05-22 10:43:00-04:00,0.1,2,concurrent,split_cap,0.006144586745048697,0.0,-2.0989857986684877
2026-05-22,AMD,UP,ATM,AMD260522C00470000,,open_ladder,1s,468.9961,470.0,0,2026-05-22 11:05:00-04:00,2,3.25,5.24,0.6123076923076924,TP,2026-05-22 11:05:01-04:00,2026-05-22 11:10:24-04:00,0.2,1,concurrent,solo_full,0.008650010497585514,1.0,-1.0423175796862227
2026-05-22,AMD,UP,ATM,AMD260522C00472500,,open_ladder,1s,473.6833,472.5,0,2026-05-22 11:17:00-04:00,3,4.33,3.008,-0.3053117782909931,MF_FLIP,2026-05-22 11:17:00-04:00,2026-05-22 11:22:02-04:00,0.2,1,concurrent,solo_full,0.009041920358317412,1.0,-0.8613254546497593
2026-05-27,AMD,DN,ATM,AMD260529P00495000,,open_ladder,1s,488.7301,495.0,2,2026-05-27 10:30:00-04:00,1,16.9,15.35,-0.09171597633136086,MF_FLIP,2026-05-27 10:30:03-04:00,2026-05-27 10:38:01-04:00,0.2,1,concurrent,solo_full,-0.004834225770668832,1.0,0.4249145810414595
2026-05-27,NVDA,DN,ATM,NVDA260527P00210000,,open_ladder,1s,209.915,210.0,0,2026-05-27 10:41:00-04:00,1,1.186,1.566,0.3204047217537944,MF_FLIP,2026-05-27 10:41:00-04:00,2026-05-27 10:43:00-04:00,0.2,1,concurrent,solo_full,-0.0017803097739007567,2.0,0.9767106806232377
2026-05-27,NVDA,DN,ATM,NVDA260527P00210000,,open_ladder,1s,209.438,210.0,0,2026-05-27 11:48:00-04:00,2,1.104,1.178,0.06702898550724612,MF_FLIP,2026-05-27 11:48:00-04:00,2026-05-27 11:52:00-04:00,0.2,1,concurrent,solo_full,-0.006094137302967706,0.0,2.2500649040463525
2026-05-28,AMD,UP,ATM,AMD260529C00510000,,open_ladder,1s,511.0,510.0,1,2026-05-28 10:39:00-04:00,1,11.23,8.89,-0.20837043633125552,MF_FLIP,2026-05-28 10:39:00-04:00,2026-05-28 10:46:03-04:00,0.2,1,concurrent,solo_full,0.0025634347283718384,3.0,-0.10011330918674838
2026-05-28,MSFT,UP,ATM,MSFT260529C00425000,,open_ladder,1s,425.09,425.0,1,2026-05-28 11:00:00-04:00,1,3.47,3.07,-0.11527377521613846,MF_FLIP,2026-05-28 11:00:07-04:00,2026-05-28 11:09:00-04:00,0.2,1,concurrent,solo_full,0.005347297426969488,2.0,-1.4837709673554609
2026-05-29,MSFT,UP,ATM,MSFT260529C00442500,,open_ladder,1s,441.445,442.5,0,2026-05-29 10:34:00-04:00,1,1.654,2.676,0.6178960096735189,TP,2026-05-29 10:34:03-04:00,2026-05-29 10:41:54-04:00,0.2,1,concurrent,solo_full,0.005043913315387449,1.0,-0.7931817716143069
2026-05-29,MSFT,UP,ATM,MSFT260529C00445000,,open_ladder,1s,444.53,445.0,0,2026-05-29 10:59:00-04:00,2,1.992,2.032,0.02008032128514059,MF_FLIP,2026-05-29 10:59:03-04:00,2026-05-29 11:02:04-04:00,0.2,1,concurrent,solo_full,0.002596731652935391,2.0,0.5637386547528329
2026-05-29,MSFT,UP,ATM,MSFT260529C00445000,,open_ladder,1s,443.84,445.0,0,2026-05-29 12:33:00-04:00,3,0.896,1.468,0.638392857142857,TP,2026-05-29 12:33:00-04:00,2026-05-29 12:38:49-04:00,0.2,1,concurrent,solo_full,0.004758408788101187,1.0,-2.139738874687752
2026-05-29,MSFT,UP,ATM,MSFT260529C00442500,,open_ladder,1s,443.065,442.5,0,2026-05-29 13:36:00-04:00,4,1.644,1.464,-0.10948905109489049,MF_FLIP,2026-05-29 13:36:00-04:00,2026-05-29 13:58:01-04:00,0.2,1,concurrent,solo_full,0.002773472550779088,0.0,-0.28085488424431393
2026-06-02,AAPL,UP,ATM,AAPL260603C00312500,,open_ladder,1s,312.63,312.5,1,2026-06-02 11:21:00-04:00,1,1.902,2.006,0.05467928496319652,MF_FLIP,2026-06-02 11:21:00-04:00,2026-06-02 11:38:00-04:00,0.2,1,concurrent,solo_full,0.003473858541248598,0.0,0.6592824251600248
2026-06-02,AAPL,UP,ATM,AAPL260603C00312500,,open_ladder,1s,312.655,312.5,1,2026-06-02 11:47:00-04:00,2,2.0140000000000002,1.994,-0.009930486593843213,MF_FLIP,2026-06-02 11:47:00-04:00,2026-06-02 11:58:00-04:00,0.2,1,concurrent,solo_full,0.003463894760936448,0.0,-1.2378918193473942
2026-06-03,AMD,UP,ATM,AMD260605C00535000,,open_ladder,1s,536.11,535.0,2,2026-06-03 10:30:00-04:00,1,16.53,16.19,-0.020568663036902635,MF_FLIP,2026-06-03 10:30:01-04:00,2026-06-03 10:43:00-04:00,0.2,1,concurrent,solo_full,0.0003484787561989222,2.0,-2.0596839113024608
2026-06-03,MSFT,DN,ATM,MSFT260603P00430000,,open_ladder,1s,428.81,430.0,0,2026-06-03 10:35:00-04:00,1,2.274,3.71,0.6314863676341249,TP,2026-06-03 10:35:00-04:00,2026-06-03 10:50:11-04:00,0.1,2,concurrent,split_cap,-0.0005227181342983833,2.0,-1.323877557721256
2026-06-03,MSFT,DN,ATM,MSFT260603P00427500,,open_ladder,1s,426.65,427.5,0,2026-06-03 11:11:00-04:00,2,2.208,2.008,-0.0905797101449276,MF_FLIP,2026-06-03 11:11:00-04:00,2026-06-03 11:17:05-04:00,0.2,1,concurrent,solo_full,-0.0003350757271143312,0.0,2.051191733967108
2026-06-05,TSLA,DN,ATM,TSLA260605P00407500,,open_ladder,1s,407.625,407.5,0,2026-06-05 10:30:00-04:00,1,3.52,2.892,-0.17840909090909096,MF_FLIP,2026-06-05 10:30:00-04:00,2026-06-05 10:34:00-04:00,0.2,1,concurrent,solo_full,-0.020148548278190348,6.0,-0.6353120619952962
2026-06-05,NVDA,DN,ATM,NVDA260605P00212500,,open_ladder,1s,211.4901,212.5,0,2026-06-05 10:33:00-04:00,1,1.902,1.468,-0.2281808622502629,MF_FLIP,2026-06-05 10:33:00-04:00,2026-06-05 10:35:00-04:00,0.1,2,concurrent,split_cap,-0.019588116137744804,5.0,-1.90580068834893
2026-06-08,TSLA,UP,ATM,TSLA260608C00402500,,open_ladder,1s,403.31,402.5,0,2026-06-08 10:30:00-04:00,1,3.23,3.07,-0.049535603715170295,MF_FLIP,2026-06-08 10:30:00-04:00,2026-06-08 10:38:00-04:00,0.2,1,concurrent,solo_full,0.01793664747752599,6.0,1.2237624826271627
2026-06-09,TSLA,DN,ATM,TSLA260610P00400000,,open_ladder,1s,400.535,400.0,1,2026-06-09 11:12:00-04:00,1,4.84,7.84,0.6198347107438016,TP,2026-06-09 11:12:00-04:00,2026-06-09 11:27:16-04:00,0.2,1,concurrent,solo_full,-0.00798860367028853,8.0,0.9261948757135653
2026-06-09,TSLA,DN,ATM,TSLA260610P00397500,,open_ladder,1s,393.8801,397.5,1,2026-06-09 11:36:00-04:00,2,7.41,7.54,0.01754385964912286,MF_FLIP,2026-06-09 11:36:00-04:00,2026-06-09 11:41:00-04:00,0.2,1,concurrent,solo_full,-0.01999944135638665,7.0,1.8751695797801602
2026-06-09,TSLA,DN,ATM,TSLA260610P00397500,,open_ladder,1s,391.58,397.5,1,2026-06-09 12:05:00-04:00,3,8.71,11.03,0.266360505166475,T+30,2026-06-09 12:05:00-04:00,2026-06-09 12:35:00-04:00,0.2,1,concurrent,solo_full,-0.026423842909415907,7.0,1.7122448149416176
2026-06-09,TSLA,DN,ATM,TSLA260610P00397500,,open_ladder,1s,384.875,397.5,1,2026-06-09 12:40:00-04:00,4,14.21,13.09,-0.0788177339901478,MF_FLIP,2026-06-09 12:40:00-04:00,2026-06-09 12:49:00-04:00,0.2,1,concurrent,solo_full,-0.04037596715175551,11.0,2.4530553026638797
2026-06-10,TSLA,DN,ATM,TSLA260610P00387500,,open_ladder,1s,386.8999,387.5,0,2026-06-10 10:49:00-04:00,1,3.43,3.16,-0.07871720116618075,MF_FLIP,2026-06-10 10:49:00-04:00,2026-06-10 10:53:01-04:00,0.2,1,concurrent,solo_full,-0.0024862971125049205,8.0,1.2742563262467965
2026-06-10,NVDA,DN,ATM,NVDA260610P00205000,,open_ladder,1s,203.955,205.0,0,2026-06-10 10:58:00-04:00,1,1.944,3.16,0.6255144032921811,TP,2026-06-10 10:58:00-04:00,2026-06-10 11:15:05-04:00,0.2,1,concurrent,solo_full,-0.008009832174944886,6.0,3.1612399196215626
2026-06-10,NVDA,DN,ATM,NVDA260610P00202500,,open_ladder,1s,202.75,202.5,0,2026-06-10 12:11:00-04:00,2,1.024,1.014,-0.009765625,MF_FLIP,2026-06-10 12:11:00-04:00,2026-06-10 12:23:00-04:00,0.2,1,concurrent,solo_full,-0.012855286206701733,9.0,1.4127834487253315
2026-06-12,AMZN,DN,ATM,AMZN260612P00235000,,open_ladder,1s,235.12,235.0,0,2026-06-12 10:44:00-04:00,1,1.234,0.64,-0.4813614262560778,MF_FLIP,2026-06-12 10:44:00-04:00,2026-06-12 10:53:00-04:00,0.2,1,concurrent,solo_full,-0.001144548043102045,7.0,1.272621078358309
2026-06-15,NVDA,UP,ATM,NVDA260615C00210000,,open_ladder,1s,209.985,210.0,0,2026-06-15 10:33:00-04:00,1,0.726,0.604,-0.16804407713498626,MF_FLIP,2026-06-15 10:33:00-04:00,2026-06-15 10:43:00-04:00,0.2,1,concurrent,solo_full,0.027202018661527605,3.0,-0.8625383789049381
2026-06-16,AMD,DN,ATM,AMD260618P00535000,,open_ladder,1s,526.81,535.0,2,2026-06-16 10:30:00-04:00,1,17.5,17.509999999999998,0.000571428571428445,MF_FLIP,2026-06-16 10:30:00-04:00,2026-06-16 10:37:00-04:00,0.2,1,concurrent,solo_full,-0.007488169498817032,3.0,1.8970099527804087
2026-06-16,TSLA,DN,ATM,TSLA260617P00402500,,open_ladder,1s,402.075,402.5,1,2026-06-16 10:31:00-04:00,1,5.18,4.91,-0.05212355212355202,MF_FLIP,2026-06-16 10:31:00-04:00,2026-06-16 10:40:00-04:00,0.1,2,concurrent,split_cap,-0.008388900838890101,3.0,1.6903114994321726
2026-06-16,AMD,DN,ATM,AMD260618P00535000,,open_ladder,1s,521.7,535.0,2,2026-06-16 10:58:00-04:00,2,20.52,19.849999999999998,-0.032651072124756375,MF_FLIP,2026-06-16 10:58:02-04:00,2026-06-16 11:04:00-04:00,0.2,1,concurrent,solo_full,-0.009585394708539474,3.0,-0.028629889680887286
2026-06-18,NVDA,UP,ATM,NVDA260618C00210000,,open_ladder,1s,209.57,210.0,0,2026-06-18 10:58:00-04:00,1,0.638,0.682,0.06896551724137945,MF_FLIP,2026-06-18 10:58:00-04:00,2026-06-18 10:59:00-04:00,0.2,1,concurrent,solo_full,0.022103806228373823,7.0,-1.774783113642739
2026-06-18,NVDA,UP,ATM,NVDA260618C00210000,,open_ladder,1s,209.43,210.0,0,2026-06-18 11:10:00-04:00,2,0.658,0.532,-0.1914893617021276,MF_FLIP,2026-06-18 11:10:00-04:00,2026-06-18 11:21:00-04:00,0.2,1,concurrent,solo_full,0.02207626297577847,1.0,-1.7784790301159912
2026-06-22,AMZN,DN,ATM,AMZN260622P00235000,,open_ladder,1s,235.19,235.0,0,2026-06-22 10:31:00-04:00,1,0.9339999999999999,1.51,0.6167023554603857,TP,2026-06-22 10:31:00-04:00,2026-06-22 10:54:48-04:00,0.2,1,concurrent,solo_full,-0.0011221371981720019,0.0,3.455253510973898
2026-06-22,AMZN,DN,ATM,AMZN260622P00232500,,open_ladder,1s,233.545,232.5,0,2026-06-22 12:00:00-04:00,2,0.478,0.698,0.4602510460251046,MF_FLIP,2026-06-22 12:00:00-04:00,2026-06-22 12:05:00-04:00,0.2,1,concurrent,solo_full,-0.005164535056647601,1.0,-0.9615680674281486
2026-06-22,AMZN,DN,ATM,AMZN260622P00232500,,open_ladder,1s,233.075,232.5,0,2026-06-22 12:17:00-04:00,3,0.706,0.624,-0.11614730878186963,MF_FLIP,2026-06-22 12:17:00-04:00,2026-06-22 12:26:00-04:00,0.2,1,concurrent,solo_full,-0.005015682881323813,2.0,-1.3483491386435198
2026-06-23,TSLA,DN,ATM,TSLA260624P00385000,,open_ladder,1s,385.9991,385.0,1,2026-06-23 10:53:00-04:00,1,4.03,4.37,0.08436724565756815,MF_FLIP,2026-06-23 10:53:01-04:00,2026-06-23 10:57:01-04:00,0.2,1,concurrent,solo_full,-0.026241156854800995,8.0,0.5646615849680118
2026-06-23,TSLA,DN,ATM,TSLA260624P00385000,,open_ladder,1s,384.04,385.0,1,2026-06-23 11:35:00-04:00,2,5.13,5.87,0.1442495126705654,MF_FLIP,2026-06-23 11:35:00-04:00,2026-06-23 11:50:00-04:00,0.2,1,concurrent,solo_full,-0.02845660100731573,3.0,1.2631772063525384
2026-06-23,TSLA,DN,ATM,TSLA260624P00382500,,open_ladder,1s,382.9301,382.5,1,2026-06-23 12:30:00-04:00,3,3.93,4.17,0.061068702290076216,MF_FLIP,2026-06-23 12:30:00-04:00,2026-06-23 12:35:00-04:00,0.2,1,concurrent,solo_full,-0.02546216062037865,0.0,-1.1539524531365328
2026-06-23,TSLA,DN,ATM,TSLA260624P00385000,,open_ladder,1s,384.965,385.0,1,2026-06-23 13:10:00-04:00,4,4.48,4.27,-0.04687500000000022,MF_FLIP,2026-06-23 13:10:00-04:00,2026-06-23 13:11:00-04:00,0.2,1,concurrent,solo_full,-0.026478283904764255,2.0,-0.2650864434318517
2026-06-24,AMZN,UP,ATM,AMZN260624C00240000,,open_ladder,1s,239.98,240.0,0,2026-06-24 10:50:00-04:00,1,0.984,1.584,0.6097560975609757,TP,2026-06-24 10:50:00-04:00,2026-06-24 11:00:57-04:00,0.2,1,concurrent,solo_full,0.006781655901021422,4.0,-1.872387103150212
2026-06-24,AMZN,UP,ATM,AMZN260624C00242500,,open_ladder,1s,241.27,242.5,0,2026-06-24 11:08:00-04:00,2,0.478,0.782,0.6359832635983265,TP,2026-06-24 11:08:00-04:00,2026-06-24 11:14:27-04:00,0.2,1,concurrent,solo_full,0.005142288668749773,1.0,-0.6597146314319339
2026-06-24,AMZN,UP,ATM,AMZN260624C00242500,,open_ladder,1s,241.99,242.5,0,2026-06-24 11:21:00-04:00,3,0.766,0.768,0.0026109660574411553,MF_FLIP,2026-06-24 11:21:01-04:00,2026-06-24 11:22:00-04:00,0.2,1,concurrent,solo_full,0.00427692695708215,1.0,0.30608099523322035
2026-06-24,AMD,DN,ATM,AMD260626P00510000,,open_ladder,1s,509.42,510.0,2,2026-06-24 13:23:00-04:00,1,13.96,14.37,0.0293696275071631,MF_FLIP,2026-06-24 13:23:00-04:00,2026-06-24 13:38:09-04:00,0.2,1,concurrent,solo_full,-0.006344491305748989,3.0,1.9185585090300228
2026-06-26,AMD,DN,ATM,AMD260626P00517500,,open_ladder,1s,518.14,517.5,0,2026-06-26 10:37:00-04:00,1,4.68,4.699999999999999,0.004273504273504258,MF_FLIP,2026-06-26 10:37:01-04:00,2026-06-26 10:50:07-04:00,0.2,1,concurrent,solo_full,-0.00794404266607085,8.0,-0.3363946668389157
2026-06-26,AMD,DN,ATM,AMD260626P00515000,,open_ladder,1s,515.7575,515.0,0,2026-06-26 11:04:00-04:00,2,3.7800000000000002,6.08,0.6084656084656084,TP,2026-06-26 11:04:01-04:00,2026-06-26 11:15:08-04:00,0.2,1,concurrent,solo_full,-0.00781838997012263,5.0,0.07353825176634694
2026-06-26,AMD,DN,ATM,AMD260626P00520000,,open_ladder,1s,521.29,520.0,0,2026-06-26 12:50:00-04:00,3,3.7800000000000002,3.2600000000000002,-0.13756613756613756,MF_FLIP,2026-06-26 12:50:02-04:00,2026-06-26 13:05:01-04:00,0.2,1,concurrent,solo_full,-0.004076731912992404,2.0,-0.11364183587176833
2026-06-29,TSLA,UP,ATM,TSLA260629C00395000,,open_ladder,1s,395.9401,395.0,0,2026-06-29 10:30:00-04:00,1,3.18,2.7600000000000002,-0.13207547169811318,MF_FLIP,2026-06-29 10:30:00-04:00,2026-06-29 10:38:01-04:00,0.2,1,concurrent,solo_full,0.00957724130114479,3.0,-0.20023237178383238
2026-06-29,META,UP,ATM,META260629C00567500,,open_ladder,1s,568.395,567.5,0,2026-06-29 10:39:00-04:00,1,3.008,3.21,0.06715425531914887,MF_FLIP,2026-06-29 10:39:00-04:00,2026-06-29 10:44:02-04:00,0.2,1,concurrent,solo_full,0.009931429219086407,2.0,-0.0990417510849366
2026-06-29,META,UP,ATM,META260629C00565000,,open_ladder,1s,565.49,565.0,0,2026-06-29 11:45:00-04:00,2,2.326,2.1879999999999997,-0.05932932072227015,MF_FLIP,2026-06-29 11:45:04-04:00,2026-06-29 11:50:03-04:00,0.2,1,concurrent,solo_full,0.017199365295251123,0.0,-1.522379593423261
2026-06-30,AMD,UP,ATM,AMD260702C00557500,,open_ladder,1s,557.71,557.5,2,2026-06-30 10:43:00-04:00,1,14.57,14.15,-0.028826355525051417,MF_FLIP,2026-06-30 10:43:00-04:00,2026-06-30 10:54:03-04:00,0.2,1,concurrent,solo_full,0.011678983355204009,0.0,-0.26674118203948216
2026-06-30,AAPL,UP,ATM,AAPL260701C00287500,,open_ladder,1s,287.55,287.5,1,2026-06-30 11:18:00-04:00,1,2.04,2.71,0.32843137254901955,MF_FLIP,2026-06-30 11:18:02-04:00,2026-06-30 11:32:00-04:00,0.2,1,concurrent,solo_full,0.011603011257683482,0.0,-1.896385826748747
2026-06-30,AAPL,UP,ATM,AAPL260701C00290000,,open_ladder,1s,288.8,290.0,1,2026-06-30 12:51:00-04:00,2,1.472,1.56,0.05978260869565233,MF_FLIP,2026-06-30 12:51:02-04:00,2026-06-30 13:13:03-04:00,0.2,1,concurrent,solo_full,0.01661716969403959,0.0,-1.5704339333104618
2026-07-01,AMD,DN,ATM,AMD260702P00550000,,open_ladder,1s,550.925,550.0,1,2026-07-01 10:42:00-04:00,1,9.940000000000001,9.49,-0.04527162977867216,MF_FLIP,2026-07-01 10:42:00-04:00,2026-07-01 10:53:00-04:00,0.2,1,concurrent,solo_full,-0.009649885832336613,0.0,-0.04179429035821414
2026-07-02,AMD,DN,ATM,AMD260702P00527500,,open_ladder,1s,528.28,527.5,0,2026-07-02 10:30:00-04:00,1,5.46,8.83,0.6172161172161172,TP,2026-07-02 10:30:00-04:00,2026-07-02 10:41:56-04:00,0.2,1,concurrent,solo_full,-0.0035578355121627103,1.0,-0.17003150147536963
2026-07-02,TSLA,DN,ATM,TSLA260702P00415000,,open_ladder,1s,402.37,415.0,0,2026-07-02 10:30:00-04:00,1,13.87,19.14,0.3799567411679885,MF_FLIP,2026-07-02 10:30:01-04:00,2026-07-02 10:58:00-04:00,0.1,2,concurrent,split_cap,-0.0035578355121627103,1.0,-0.17003150147536963
2026-07-02,TSLA,DN,ATM,TSLA260702P00415000,,open_ladder,1s,395.41,415.0,0,2026-07-02 11:15:00-04:00,2,18.88,18.66,-0.01165254237288127,MF_FLIP,2026-07-02 11:15:00-04:00,2026-07-02 11:25:01-04:00,0.2,1,concurrent,solo_full,-0.012466214352694571,6.0,2.0542838764869016
2026-07-02,AMD,DN,ATM,AMD260702P00525000,,open_ladder,1s,518.51,525.0,0,2026-07-02 11:58:00-04:00,2,8.08,9.13,0.12995049504950495,MF_FLIP,2026-07-02 11:58:02-04:00,2026-07-02 12:10:00-04:00,0.2,1,concurrent,solo_full,-0.012900601246621513,4.0,0.17759952089774095
2026-07-02,AMD,DN,ATM,AMD260702P00525000,,open_ladder,1s,514.2758,525.0,0,2026-07-02 12:32:00-04:00,3,11.72,10.58,-0.09726962457337884,MF_FLIP,2026-07-02 12:32:01-04:00,2026-07-02 12:47:00-04:00,0.2,1,concurrent,solo_full,-0.018009818522808696,2.0,0.4360751952994377
2026-07-06,TSLA,UP,ATM,TSLA260706C00410000,,open_ladder,1s,409.19,410.0,0,2026-07-06 11:01:00-04:00,1,1.84,2.968,0.6130434782608696,TP,2026-07-06 11:01:00-04:00,2026-07-06 11:10:42-04:00,0.2,1,concurrent,solo_full,0.016611948256026077,0.0,0.8990833271100701
2026-07-06,TSLA,UP,ATM,TSLA260706C00410000,,open_ladder,1s,411.38,410.0,0,2026-07-06 11:29:00-04:00,2,2.7640000000000002,4.48,0.6208393632416787,TP,2026-07-06 11:29:00-04:00,2026-07-06 11:51:39-04:00,0.2,1,concurrent,solo_full,0.017594073575216695,0.0,-0.7395630520079971
2026-07-06,TSLA,UP,ATM,TSLA260706C00410000,,open_ladder,1s,414.4,410.0,0,2026-07-06 11:57:00-04:00,3,4.68,7.49,0.6004273504273505,TP,2026-07-06 11:57:00-04:00,2026-07-06 12:14:48-04:00,0.2,1,concurrent,solo_full,0.018057075511406673,1.0,-0.9853302190975816
2026-07-06,TSLA,UP,ATM,TSLA260706C00410000,,open_ladder,1s,418.2,410.0,0,2026-07-06 12:59:00-04:00,4,8.56,8.229999999999999,-0.03855140186915906,MF_FLIP,2026-07-06 12:59:00-04:00,2026-07-06 13:16:00-04:00,0.2,1,concurrent,solo_full,0.0152089120857537,0.0,-0.7627551911505563
2026-07-07,NVDA,DN,ATM,NVDA260708P00192500,,open_ladder,1s,191.3,192.5,1,2026-07-07 10:35:00-04:00,1,2.284,2.496,0.0928196147110334,MF_FLIP,2026-07-07 10:35:00-04:00,2026-07-07 10:36:00-04:00,0.2,1,concurrent,solo_full,-0.02322073536941449,3.0,1.3066948129622677
2026-07-08,META,DN,ATM,META260708P00602500,,open_ladder,1s,601.67,602.5,0,2026-07-08 10:41:00-04:00,1,4.61,3.41,-0.2603036876355749,MF_FLIP,2026-07-08 10:41:05-04:00,2026-07-08 10:49:01-04:00,0.2,1,concurrent,solo_full,-0.003742098252982662,9.0,1.9667685475840402
2026-07-09,AMD,UP,ATM,AMD260710C00550000,,open_ladder,1s,557.46,550.0,1,2026-07-09 10:33:00-04:00,1,15.34,16.08,0.04823989569752274,MF_FLIP,2026-07-09 10:33:00-04:00,2026-07-09 10:50:00-04:00,0.2,1,concurrent,solo_full,0.009791930268522542,4.0,0.21971082438401246
2026-07-09,AMD,UP,ATM,AMD260710C00550000,,open_ladder,1s,555.675,550.0,1,2026-07-09 11:54:00-04:00,2,14.5,14.29,-0.014482758620689706,MF_FLIP,2026-07-09 11:54:01-04:00,2026-07-09 12:10:01-04:00,0.2,1,concurrent,solo_full,0.014789821453676577,0.0,-1.3703181521112218
2026-07-09,META,UP,ATM,META260710C00597500,,open_ladder,1s,615.27,597.5,1,2026-07-09 12:21:00-04:00,1,18.46,18.15,-0.016793066088840902,MF_FLIP,2026-07-09 12:21:00-04:00,2026-07-09 12:32:05-04:00,0.2,1,concurrent,solo_full,0.015197525657247413,0.0,-0.008854684055046264
2026-07-10,NVDA,UP,ATM,NVDA260710C00207500,,open_ladder,1s,208.0399,207.5,0,2026-07-10 11:23:00-04:00,1,1.176,1.906,0.620748299319728,TP,2026-07-10 11:23:00-04:00,2026-07-10 11:38:15-04:00,0.2,1,concurrent,solo_full,0.00019358674760439065,2.0,-1.5797460440523023
2026-07-10,META,UP,ATM,META260710C00672500,,open_ladder,1s,674.715,672.5,0,2026-07-10 11:29:00-04:00,1,6.1000000000000005,4.63,-0.24098360655737716,MF_FLIP,2026-07-10 11:29:05-04:00,2026-07-10 11:38:03-04:00,0.1,2,concurrent,split_cap,0.0011904202215184956,0.0,-0.9780420211422253
2026-07-10,NVDA,UP,ATM,NVDA260710C00210000,,open_ladder,1s,210.38,210.0,0,2026-07-10 12:23:00-04:00,2,0.958,0.692,-0.2776617954070981,MF_FLIP,2026-07-10 12:23:00-04:00,2026-07-10 12:30:00-04:00,0.2,1,concurrent,solo_full,0.0024751448443700585,0.0,-1.515362719933039
2026-07-13,NVDA,DN,ATM,NVDA260713P00205000,,open_ladder,1s,205.89,205.0,0,2026-07-13 12:06:00-04:00,1,0.338,0.242,-0.2840236686390534,MF_FLIP,2026-07-13 12:06:00-04:00,2026-07-13 12:15:00-04:00,0.2,1,concurrent,solo_full,-0.014482316619345514,0.0,-0.23639927391355667
