date,symbol,dir,moneyness,ticker,sig_ts,n_in_day,entry,exit,ret,reason,entry_ts,exit_ts,regime_qqq_fp,regime_vix_rev,regime_vixy_z
2026-01-02,TSLA,DN,ATM,TSLA260102P00440000,2026-01-02 10:53:00-05:00,1,0.974,1.596,0.6386036960985628,TP,2026-01-02 10:53:00-05:00,2026-01-02 11:00:09-05:00,-0.008289359094281079,6.0,0.8377548175789832
2026-01-02,MSFT,DN,ATM,MSFT260102P00472500,2026-01-02 10:56:00-05:00,1,0.612,1.01,0.650326797385621,TP,2026-01-02 10:56:01-05:00,2026-01-02 10:57:35-05:00,-0.009176531303422109,5.0,0.8066015317766398
2026-01-02,TSLA,DN,ATM,TSLA260102P00440000,2026-01-02 11:51:00-05:00,2,1.148,0.886,-0.22822299651567934,T+30,2026-01-02 11:51:00-05:00,2026-01-02 12:21:00-05:00,-0.01390188046318086,1.0,1.2451059406062144
2026-01-02,MSFT,DN,ATM,MSFT260102P00472500,2026-01-02 12:51:00-05:00,2,1.1199999999999999,1.07,-0.044642857142856984,T+30,2026-01-02 12:51:02-05:00,2026-01-02 13:21:00-05:00,-0.013434183788665455,3.0,0.7566142060515453
2026-01-07,MSFT,UP,ATM,MSFT260109C00490000,2026-01-07 13:23:00-05:00,1,2.6,2.51,-0.034615384615384714,T+30,2026-01-07 13:23:01-05:00,2026-01-07 13:53:06-05:00,0.005116525253821225,1.0,0.4564137061048817
2026-01-08,AMD,DN,ATM,AMD260109P00205000,2026-01-08 10:40:00-05:00,1,2.166,2.5060000000000002,0.15697137580794096,T+30,2026-01-08 10:40:00-05:00,2026-01-08 11:10:00-05:00,-0.006065121943402807,2.0,-1.28343219116175
2026-01-08,NVDA,DN,ATM,NVDA260109P00185000,2026-01-08 10:55:00-05:00,1,1.566,1.712,0.09323116219667948,T+30,2026-01-08 10:55:00-05:00,2026-01-08 11:25:00-05:00,-0.007899881421658095,0.0,-0.45152872844325204
2026-01-08,NVDA,DN,ATM,NVDA260109P00185000,2026-01-08 12:07:00-05:00,2,2.066,2.072,0.0029041626331076653,T+30,2026-01-08 12:07:00-05:00,2026-01-08 12:37:00-05:00,-0.007210845111046971,1.0,-0.8590120352706194
2026-01-08,NVDA,DN,ATM,NVDA260109P00185000,2026-01-08 13:05:00-05:00,3,1.896,1.862,-0.01793248945147674,T+30,2026-01-08 13:05:00-05:00,2026-01-08 13:35:00-05:00,-0.0066660257026567304,0.0,1.643466885967428
2026-01-08,AMD,DN,ATM,AMD260109P00205000,2026-01-08 13:40:00-05:00,2,2.418,2.7199999999999998,0.12489660876757624,T+30,2026-01-08 13:40:01-05:00,2026-01-08 14:10:00-05:00,-0.00682626670512454,0.0,1.5081549469686062
2026-01-09,TSLA,UP,ATM,TSLA260109C00445000,2026-01-09 11:56:00-05:00,1,1.244,1.336,0.07395498392282973,T+30,2026-01-09 11:56:00-05:00,2026-01-09 12:26:02-05:00,0.009437003368631514,0.0,-2.3408387765018155
2026-01-09,TSLA,UP,ATM,TSLA260109C00445000,2026-01-09 12:47:00-05:00,2,1.934,3.11,0.608066184074457,TP,2026-01-09 12:47:00-05:00,2026-01-09 12:56:17-05:00,0.00965459439421057,0.0,0.37034953153866246
2026-01-09,TSLA,UP,ATM,TSLA260109C00445000,2026-01-09 13:06:00-05:00,3,3.53,3.02,-0.14447592067988668,T+30,2026-01-09 13:06:00-05:00,2026-01-09 13:36:00-05:00,0.009396708734265014,0.0,-0.3290913016118419
2026-01-14,TSLA,DN,ATM,TSLA260116P00437500,2026-01-14 10:43:00-05:00,1,5.38,5.92,0.1003717472118959,T+30,2026-01-14 10:43:00-05:00,2026-01-14 11:13:00-05:00,-0.01326290067557856,6.0,1.1729861003136912
2026-01-14,META,DN,ATM,META260116P00630000,2026-01-14 10:50:00-05:00,1,13.83,11.68,-0.15545914678235717,T+30,2026-01-14 10:50:00-05:00,2026-01-14 11:20:03-05:00,-0.016003066455847814,4.0,0.9717114239353104
2026-01-14,TSLA,DN,ATM,TSLA260116P00437500,2026-01-14 11:35:00-05:00,2,5.52,7.23,0.30978260869565233,T+30,2026-01-14 11:35:00-05:00,2026-01-14 12:05:02-05:00,-0.01431012728986003,1.0,-0.9263690299052512
2026-01-15,NVDA,UP,ATM,NVDA260116C00187500,2026-01-15 10:35:00-05:00,1,2.016,1.694,-0.1597222222222222,T+30,2026-01-15 10:35:00-05:00,2026-01-15 11:05:00-05:00,0.010844831759864393,3.0,0.5749840068970142
2026-01-15,AMD,UP,ATM,AMD260116C00237500,2026-01-15 10:56:00-05:00,1,2.646,2.782,0.05139833711262298,T+30,2026-01-15 10:56:00-05:00,2026-01-15 11:26:01-05:00,0.008069555394174088,4.0,0.848380060201713
2026-01-15,AMD,UP,ATM,AMD260116C00237500,2026-01-15 12:00:00-05:00,2,2.63,2.39,-0.09125475285171092,T+30,2026-01-15 12:00:00-05:00,2026-01-15 12:30:00-05:00,0.011345114177358173,0.0,-0.11161802141950812
2026-01-16,AMD,UP,ATM,AMD260116C00232500,2026-01-16 11:58:00-05:00,1,1.08,1.748,0.6185185185185185,TP,2026-01-16 11:58:01-05:00,2026-01-16 12:27:37-05:00,0.00034584821284955325,2.0,-0.4676146233729645
2026-01-21,AMD,UP,ATM,AMD260123C00250000,2026-01-21 10:30:00-05:00,1,3.98,6.37,0.6005025125628141,TP,2026-01-21 10:30:00-05:00,2026-01-21 10:42:16-05:00,0.010015788434971418,8.0,-1.1425478720893087
2026-01-21,NVDA,UP,ATM,NVDA260123C00180000,2026-01-21 10:50:00-05:00,1,3.49,4.52,0.2951289398280801,T+30,2026-01-21 10:50:00-05:00,2026-01-21 11:20:00-05:00,0.013502401157818644,8.0,-1.6391605527699393
2026-01-21,AMD,UP,ATM,AMD260123C00250000,2026-01-21 11:19:00-05:00,2,6.77,5.69,-0.1595273264401772,T+30,2026-01-21 11:19:00-05:00,2026-01-21 11:49:00-05:00,0.012581409117821352,9.0,1.000208246375212
2026-01-22,META,UP,ATM,META260123C00640000,2026-01-22 10:34:00-05:00,1,3.48,2.868,-0.17586206896551726,T+30,2026-01-22 10:34:00-05:00,2026-01-22 11:04:00-05:00,0.00607024605596318,4.0,-1.9057329344330691
2026-01-22,AMD,UP,ATM,AMD260123C00255000,2026-01-22 11:49:00-05:00,1,3.43,3.36,-0.020408163265306256,T+30,2026-01-22 11:49:00-05:00,2026-01-22 12:19:03-05:00,0.008521067324547271,1.0,-0.22940947895049477
2026-01-23,MSFT,UP,ATM,MSFT260123C00467500,2026-01-23 10:36:00-05:00,1,0.772,1.236,0.6010362694300517,TP,2026-01-23 10:36:00-05:00,2026-01-23 10:40:14-05:00,0.004768194851638263,1.0,-1.1730524460008094
2026-01-23,MSFT,UP,ATM,MSFT260123C00467500,2026-01-23 10:53:00-05:00,2,1.75,2.808,0.6045714285714285,TP,2026-01-23 10:53:00-05:00,2026-01-23 11:14:30-05:00,0.006153548761235861,0.0,-1.631462055705208
2026-01-23,AMZN,UP,ATM,AMZN260123C00240000,2026-01-23 10:55:00-05:00,1,0.458,0.752,0.6419213973799125,TP,2026-01-23 10:55:00-05:00,2026-01-23 10:57:54-05:00,0.006294983730146031,0.0,-1.5898634265262623
2026-01-23,AMZN,UP,ATM,AMZN260123C00240000,2026-01-23 11:03:00-05:00,2,0.916,0.364,-0.6026200873362446,SL,2026-01-23 11:03:00-05:00,2026-01-23 11:23:56-05:00,0.007410032539708178,0.0,-1.6627309388953548
2026-01-23,MSFT,UP,ATM,MSFT260123C00467500,2026-01-23 11:47:00-05:00,3,2.324,2.348,0.010327022375215211,T+30,2026-01-23 11:47:01-05:00,2026-01-23 12:17:02-05:00,0.006234092593189189,1.0,0.08532233096030903
2026-01-23,MSFT,UP,ATM,MSFT260123C00467500,2026-01-23 13:11:00-05:00,4,2.862,2.272,-0.20614954577218736,T+30,2026-01-23 13:11:02-05:00,2026-01-23 13:41:04-05:00,0.0035117110731661683,3.0,0.5251715784113348
2026-01-29,AMD,DN,ATM,AMD260130P00250000,2026-01-29 10:33:00-05:00,1,5.27,8.44,0.6015180265654649,TP,2026-01-29 10:33:00-05:00,2026-01-29 10:51:06-05:00,-0.01717300977929448,9.0,0.8419183863219979
2026-01-29,MSFT,DN,ATM,MSFT260130P00425000,2026-01-29 10:33:00-05:00,1,5.42,5.73,0.05719557195571956,T+30,2026-01-29 10:33:00-05:00,2026-01-29 11:03:00-05:00,-0.01717300977929448,9.0,0.8419183863219979
2026-01-29,MSFT,DN,ATM,MSFT260130P00425000,2026-01-29 12:11:00-05:00,2,4.93,5.12,0.03853955375253548,T+30,2026-01-29 12:11:00-05:00,2026-01-29 12:41:00-05:00,-0.014645243850419432,6.0,-1.8396892676475396
2026-01-29,AMD,DN,ATM,AMD260130P00250000,2026-01-29 12:53:00-05:00,2,4.62,4.47,-0.032467532467532534,T+30,2026-01-29 12:53:00-05:00,2026-01-29 13:23:00-05:00,-0.014582049702197564,4.0,1.3263076994358636
2026-01-30,META,DN,ATM,META260130P00717500,2026-01-30 10:30:00-05:00,1,2.334,3.74,0.6023993144815767,TP,2026-01-30 10:30:00-05:00,2026-01-30 10:57:22-05:00,-0.007912800305071799,6.0,1.6563983983368347
2026-01-30,META,DN,ATM,META260130P00717500,2026-01-30 11:03:00-05:00,2,3.31,2.376,-0.2821752265861027,T+30,2026-01-30 11:03:00-05:00,2026-01-30 11:33:00-05:00,-0.005402313461293939,3.0,0.5379155362381536
2026-02-02,AMZN,UP,ATM,AMZN260202C00242500,2026-02-02 11:18:00-05:00,1,1.78,2.146,0.20561797752808975,T+30,2026-02-02 11:18:01-05:00,2026-02-02 11:48:00-05:00,0.00796063106093503,0.0,-2.850961454991691
2026-02-02,AMZN,UP,ATM,AMZN260202C00242500,2026-02-02 12:41:00-05:00,2,2.656,2.214,-0.16641566265060248,T+30,2026-02-02 12:41:00-05:00,2026-02-02 13:11:02-05:00,0.009102458950483339,0.0,-0.03522176148994849
2026-02-03,MSFT,DN,ATM,MSFT260204P00412500,2026-02-03 10:30:00-05:00,1,3.53,2.742,-0.22322946175637393,T+30,2026-02-03 10:30:00-05:00,2026-02-03 11:00:00-05:00,-0.012183827286663229,9.0,0.6876423829561349
2026-02-03,AMZN,DN,ATM,AMZN260204P00237500,2026-02-03 11:07:00-05:00,1,2.322,2.34,0.007751937984496138,T+30,2026-02-03 11:07:00-05:00,2026-02-03 11:37:00-05:00,-0.010810551865099605,5.0,0.5610354691578598
2026-02-03,AMZN,DN,ATM,AMZN260204P00237500,2026-02-03 13:07:00-05:00,2,2.614,2.936,0.12318286151491975,T+30,2026-02-03 13:07:00-05:00,2026-02-03 13:37:00-05:00,-0.017165942769545195,9.0,0.12283599226540703
2026-02-03,AMZN,DN,ATM,AMZN260204P00237500,2026-02-03 13:47:00-05:00,3,3.18,2.716,-0.14591194968553456,T+30,2026-02-03 13:47:00-05:00,2026-02-03 14:17:01-05:00,-0.021557230454777754,3.0,0.913192854665998
2026-02-04,AMD,DN,ATM,AMD260206P00212500,2026-02-04 10:30:00-05:00,1,7.52,9.19,0.22207446808510634,T+30,2026-02-04 10:30:00-05:00,2026-02-04 11:00:00-05:00,-0.00880850028388358,12.0,0.38504194543090886
2026-02-04,NVDA,DN,ATM,NVDA260204P00175000,2026-02-04 10:33:00-05:00,1,0.728,1.182,0.6236263736263736,TP,2026-02-04 10:33:00-05:00,2026-02-04 11:02:26-05:00,-0.009974207153864989,11.0,0.9784851618879742
2026-02-04,AMD,DN,ATM,AMD260206P00212500,2026-02-04 11:05:00-05:00,2,10.21,10.93,0.07051909892262476,T+30,2026-02-04 11:05:00-05:00,2026-02-04 11:35:00-05:00,-0.014810609132938635,8.0,2.4123502597556654
2026-02-04,NVDA,DN,ATM,NVDA260204P00175000,2026-02-04 11:38:00-05:00,2,1.446,1.224,-0.15352697095435686,T+30,2026-02-04 11:38:00-05:00,2026-02-04 12:08:00-05:00,-0.015605483007543164,3.0,0.6251147976322047
2026-02-04,AMD,DN,ATM,AMD260206P00212500,2026-02-04 11:40:00-05:00,3,12.17,11.93,-0.019720624486442073,T+30,2026-02-04 11:40:01-05:00,2026-02-04 12:10:01-05:00,-0.017179008840944143,3.0,1.4339984626027698
2026-02-05,AMD,DN,ATM,AMD260206P00195000,2026-02-05 10:30:00-05:00,1,5.319999999999999,5.28,-0.007518796992481036,T+30,2026-02-05 10:30:00-05:00,2026-02-05 11:00:00-05:00,-0.015323139922723827,7.0,1.202785290008636
2026-02-05,TSLA,DN,ATM,TSLA260206P00397500,2026-02-05 10:34:00-05:00,1,11.47,8.83,-0.23016564952048824,T+30,2026-02-05 10:34:00-05:00,2026-02-05 11:04:00-05:00,-0.017007364353885168,8.0,1.4949587999890572
2026-02-06,NVDA,UP,ATM,NVDA260206C00185000,2026-02-06 10:30:00-05:00,1,0.46799999999999997,0.332,-0.29059829059829057,T+30,2026-02-06 10:30:00-05:00,2026-02-06 11:00:01-05:00,0.01041806244137744,7.0,-0.8865107817532258
2026-02-06,TSLA,UP,ATM,TSLA260206C00412500,2026-02-06 10:33:00-05:00,1,1.996,1.236,-0.38076152304609223,T+30,2026-02-06 10:33:00-05:00,2026-02-06 11:03:01-05:00,0.011640761088034468,6.0,-1.6387579514950676
2026-02-09,NVDA,UP,ATM,NVDA260209C00190000,2026-02-09 10:50:00-05:00,1,2.096,1.974,-0.05820610687022909,T+30,2026-02-09 10:50:00-05:00,2026-02-09 11:20:00-05:00,0.005749388973639746,3.0,-0.8587488656999548
2026-02-10,TSLA,UP,ATM,TSLA260211C00422500,2026-02-10 12:17:00-05:00,1,5.83,5.42,-0.07032590051457976,T+30,2026-02-10 12:17:00-05:00,2026-02-10 12:47:01-05:00,0.001595233831979348,3.0,-1.9934842560581034
2026-02-11,MSFT,DN,ATM,MSFT260211P00405000,2026-02-11 10:31:00-05:00,1,2.128,2.444,0.14849624060150357,T+30,2026-02-11 10:31:00-05:00,2026-02-11 11:01:00-05:00,-0.0035814744554196754,8.0,1.4619771252818359
2026-02-11,AAPL,UP,ATM,AAPL260211C00275000,2026-02-11 10:55:00-05:00,1,4.94,4.04,-0.18218623481781382,T+30,2026-02-11 10:55:03-05:00,2026-02-11 11:25:03-05:00,0.0018070909923464384,6.0,-0.917494469995264
2026-02-11,MSFT,DN,ATM,MSFT260211P00405000,2026-02-11 11:06:00-05:00,2,2.82,3.19,0.13120567375886538,T+30,2026-02-11 11:06:00-05:00,2026-02-11 11:36:01-05:00,-0.00039249035127886245,5.0,-0.858536925530762
2026-02-11,MSFT,DN,ATM,MSFT260211P00405000,2026-02-11 11:55:00-05:00,3,3.034,2.266,-0.2531311799604482,T+30,2026-02-11 11:55:00-05:00,2026-02-11 12:25:00-05:00,-0.00029436776345925786,4.0,-0.32053968947786604
2026-02-12,AMZN,DN,ATM,AMZN260213P00202500,2026-02-12 10:43:00-05:00,1,3.18,5.13,0.6132075471698113,TP,2026-02-12 10:43:00-05:00,2026-02-12 11:05:48-05:00,-0.007455138662316507,5.0,2.66402913882198
2026-02-12,AAPL,DN,ATM,AAPL260213P00275000,2026-02-12 10:53:00-05:00,1,5.390000000000001,7.96,0.4768089053803337,T+30,2026-02-12 10:53:01-05:00,2026-02-12 11:23:00-05:00,-0.007650897226753717,5.0,2.258416418899317
2026-02-12,AAPL,DN,ATM,AAPL260213P00275000,2026-02-12 11:29:00-05:00,2,8.71,9.38,0.07692307692307687,T+30,2026-02-12 11:29:01-05:00,2026-02-12 11:59:00-05:00,-0.018042414355627923,8.0,1.6051583113598942
2026-02-12,AAPL,DN,ATM,AAPL260213P00275000,2026-02-12 12:18:00-05:00,3,10.65,11.65,0.0938967136150235,T+30,2026-02-12 12:18:00-05:00,2026-02-12 12:48:09-05:00,-0.017030995106036007,16.0,1.1524689187658015
2026-02-12,AAPL,DN,ATM,AAPL260213P00275000,2026-02-12 12:54:00-05:00,4,12.79,13.440000000000001,0.05082095387021135,T+30,2026-02-12 12:54:01-05:00,2026-02-12 13:24:01-05:00,-0.016786296900489384,8.0,0.9708997487153275
2026-02-12,AMZN,DN,ATM,AMZN260213P00202500,2026-02-12 13:35:00-05:00,2,3.98,3.72,-0.0653266331658291,T+30,2026-02-12 13:35:02-05:00,2026-02-12 14:05:00-05:00,-0.016867862969005,8.0,0.2867142876218952
2026-02-12,AAPL,DN,ATM,AAPL260213P00275000,2026-02-12 13:55:00-05:00,5,13.99,12.209999999999999,-0.12723373838456042,T+30,2026-02-12 13:55:00-05:00,2026-02-12 14:25:00-05:00,-0.013703099510603556,9.0,-2.3848332666273344
2026-02-13,NVDA,DN,ATM,NVDA260213P00182500,2026-02-13 10:46:00-05:00,1,0.858,1.392,0.6223776223776223,TP,2026-02-13 10:46:00-05:00,2026-02-13 10:49:41-05:00,-0.00041627814040223754,9.0,-0.740124046944329
2026-02-17,TSLA,DN,ATM,TSLA260218P00407500,2026-02-17 12:16:00-05:00,1,5.77,6.930000000000001,0.20103986135182006,T+30,2026-02-17 12:16:00-05:00,2026-02-17 12:46:00-05:00,-0.004204194223802693,7.0,0.8401063093963032
2026-02-17,AAPL,UP,ATM,AAPL260218C00262500,2026-02-17 13:38:00-05:00,1,2.79,4.47,0.6021505376344085,TP,2026-02-17 13:38:00-05:00,2026-02-17 14:02:31-05:00,0.00024926052710294577,7.0,-1.6918475065173246
2026-02-18,AMZN,UP,ATM,AMZN260218C00205000,2026-02-18 10:43:00-05:00,1,1.882,1.86,-0.011689691817215575,T+30,2026-02-18 10:43:01-05:00,2026-02-18 11:13:00-05:00,0.011709913506320557,1.0,-0.3001484862391378
2026-02-18,NVDA,UP,ATM,NVDA260218C00187500,2026-02-18 11:31:00-05:00,1,2.372,1.564,-0.3406408094435075,T+30,2026-02-18 11:31:01-05:00,2026-02-18 12:01:00-05:00,0.013672654690618513,2.0,0.0872784004643448
2026-02-20,AMZN,UP,ATM,AMZN260220C00210000,2026-02-20 10:43:00-05:00,1,0.688,1.104,0.6046511627906979,TP,2026-02-20 10:43:00-05:00,2026-02-20 10:49:04-05:00,0.007638773819386824,11.0,-1.439648782842905
2026-02-20,META,UP,ATM,META260220C00655000,2026-02-20 11:43:00-05:00,1,5.69,3.84,-0.3251318101933217,T+30,2026-02-20 11:43:00-05:00,2026-02-20 12:13:00-05:00,0.00977630488815251,9.0,-1.1302843361206858
2026-02-20,AMZN,UP,ATM,AMZN260220C00210000,2026-02-20 11:46:00-05:00,2,0.40599999999999997,0.162,-0.6009852216748768,SL,2026-02-20 11:46:00-05:00,2026-02-20 12:14:44-05:00,0.010154101077050504,8.0,-1.0547476567608896
2026-02-23,MSFT,DN,ATM,MSFT260223P00385000,2026-02-23 10:56:00-05:00,1,1.056,0.782,-0.259469696969697,T+30,2026-02-23 10:56:03-05:00,2026-02-23 11:26:04-05:00,-0.012253814944397812,8.0,1.980883981321533
2026-02-24,AMZN,UP,ATM,AMZN260225C00210000,2026-02-24 12:17:00-05:00,1,1.494,1.416,-0.052208835341365556,T+30,2026-02-24 12:17:00-05:00,2026-02-24 12:47:00-05:00,0.011605094270608296,1.0,-1.3555782230103468
2026-02-25,MSFT,UP,ATM,MSFT260225C00400000,2026-02-25 10:30:00-05:00,1,1.24,0.86,-0.30645161290322587,T+30,2026-02-25 10:30:00-05:00,2026-02-25 11:00:00-05:00,0.012109246462652212,2.0,-1.1411154046892014
2026-02-25,NVDA,UP,ATM,NVDA260227C00197500,2026-02-25 11:36:00-05:00,1,5.54,5.71,0.03068592057761732,T+30,2026-02-25 11:36:05-05:00,2026-02-25 12:06:02-05:00,0.010793024021059638,0.0,0.5101605289585451
2026-02-25,NVDA,UP,ATM,NVDA260227C00197500,2026-02-25 12:12:00-05:00,2,5.88,5.72,-0.027210884353741527,T+30,2026-02-25 12:12:00-05:00,2026-02-25 12:42:00-05:00,0.01241362290227066,0.0,0.6918857873764225
2026-02-26,AMD,DN,ATM,AMD260227P00205000,2026-02-26 11:00:00-05:00,1,4.47,3.63,-0.18791946308724827,T+30,2026-02-26 11:00:00-05:00,2026-02-26 11:30:00-05:00,-0.014192564718095158,11.0,-0.6279485810727656
2026-02-26,TSLA,DN,ATM,TSLA260227P00410000,2026-02-26 11:43:00-05:00,1,5.18,6.67,0.2876447876447876,T+30,2026-02-26 11:43:00-05:00,2026-02-26 12:13:00-05:00,-0.014549406345293003,7.0,0.731450825056891
2026-02-26,TSLA,DN,ATM,TSLA260227P00410000,2026-02-26 12:19:00-05:00,2,7.140000000000001,7.47,0.04621848739495782,T+30,2026-02-26 12:19:00-05:00,2026-02-26 12:49:00-05:00,-0.01628495425939136,4.0,0.7638914751494928
2026-02-26,TSLA,DN,ATM,TSLA260227P00410000,2026-02-26 13:08:00-05:00,3,7.43,5.42,-0.27052489905787347,T+30,2026-02-26 13:08:05-05:00,2026-02-26 13:38:00-05:00,-0.01883150587166682,2.0,1.6990643990055108
2026-02-27,NVDA,DN,ATM,NVDA260227P00177500,2026-02-27 12:08:00-05:00,1,0.098,0.162,0.653061224489796,TP,2026-02-27 12:08:01-05:00,2026-02-27 12:12:51-05:00,-0.0017234021599973337,5.0,-1.5253780570937736
2026-02-27,NVDA,DN,ATM,NVDA260227P00177500,2026-02-27 12:18:00-05:00,2,0.208,0.342,0.6442307692307694,TP,2026-02-27 12:18:00-05:00,2026-02-27 12:22:56-05:00,-0.005170206479992112,5.0,2.542864844075317
2026-02-27,TSLA,DN,ATM,TSLA260227P00400000,2026-02-27 12:20:00-05:00,1,1.526,1.764,0.15596330275229353,T+30,2026-02-27 12:20:01-05:00,2026-02-27 12:50:00-05:00,-0.005564126973705785,4.0,2.311957117431345
2026-02-27,NVDA,DN,ATM,NVDA260227P00177500,2026-02-27 12:42:00-05:00,3,0.188,0.17200000000000001,-0.0851063829787233,T+30,2026-02-27 12:42:00-05:00,2026-02-27 13:12:00-05:00,-0.00579391392837203,4.0,1.9333866263817556
2026-02-27,TSLA,DN,ATM,TSLA260227P00400000,2026-02-27 13:24:00-05:00,2,2.216,1.968,-0.11191335740072206,T+30,2026-02-27 13:24:00-05:00,2026-02-27 13:54:00-05:00,-0.007238289071988868,5.0,1.5543357614351776
2026-03-02,NVDA,UP,ATM,NVDA260302C00180000,2026-03-02 11:41:00-05:00,1,2.2640000000000002,2.524,0.11484098939929321,T+30,2026-03-02 11:41:00-05:00,2026-03-02 12:11:00-05:00,0.00022224051362251807,5.0,-1.799118588077572
2026-03-02,NVDA,UP,ATM,NVDA260302C00180000,2026-03-02 12:20:00-05:00,2,3.08,2.86,-0.07142857142857151,T+30,2026-03-02 12:20:00-05:00,2026-03-02 12:50:00-05:00,0.0025714050539138444,4.0,-1.2176891051985572
2026-03-03,TSLA,DN,ATM,TSLA260304P00392500,2026-03-03 10:30:00-05:00,1,8.530000000000001,7.72,-0.09495896834701067,T+30,2026-03-03 10:30:00-05:00,2026-03-03 11:00:00-05:00,-0.02570385475595316,9.0,1.4550531946876395
2026-03-03,NVDA,DN,ATM,NVDA260304P00180000,2026-03-03 10:43:00-05:00,1,3.53,2.544,-0.2793201133144475,T+30,2026-03-03 10:43:00-05:00,2026-03-03 11:13:00-05:00,-0.024215563741612933,8.0,0.8418294580683228
2026-03-04,META,UP,ATM,META260304C00667500,2026-03-04 10:58:00-05:00,1,4.8500000000000005,4.680000000000001,-0.035051546391752564,T+30,2026-03-04 10:58:00-05:00,2026-03-04 11:28:00-05:00,0.014992770123157362,5.0,-0.9352100510241371
2026-03-04,AMZN,UP,ATM,AMZN260304C00217500,2026-03-04 11:07:00-05:00,1,0.398,0.154,-0.6130653266331658,SL,2026-03-04 11:07:00-05:00,2026-03-04 11:24:03-05:00,0.015016537304502586,6.0,-0.034869940442473164
2026-03-05,AMD,DN,ATM,AMD260306P00202500,2026-03-05 12:35:00-05:00,1,5.890000000000001,7.06,0.1986417657045838,T+30,2026-03-05 12:35:01-05:00,2026-03-05 13:05:00-05:00,-0.009925477028908225,2.0,2.126894308384421
2026-03-05,META,DN,ATM,META260306P00660000,2026-03-05 12:36:00-05:00,1,10.06,9.96,-0.00994035785288272,T+30,2026-03-05 12:36:01-05:00,2026-03-05 13:06:01-05:00,-0.010138399803455767,2.0,2.0513733520785977
2026-03-05,AMD,DN,ATM,AMD260306P00202500,2026-03-05 13:23:00-05:00,2,7.36,6.85,-0.06929347826086962,T+30,2026-03-05 13:23:01-05:00,2026-03-05 13:53:00-05:00,-0.011104741626402403,10.0,1.0117661324932326
2026-03-06,META,DN,ATM,META260306P00645000,2026-03-06 11:15:00-05:00,1,2.244,1.934,-0.1381461675579324,T+30,2026-03-06 11:15:00-05:00,2026-03-06 11:45:02-05:00,-0.008112990638856843,5.0,-0.43644188076130885
2026-03-11,TSLA,UP,ATM,TSLA260311C00407500,2026-03-11 12:31:00-04:00,1,1.892,1.6260000000000001,-0.14059196617336145,T+30,2026-03-11 12:31:00-04:00,2026-03-11 13:01:00-04:00,0.00026330947091257606,9.0,-1.1209529822754545
2026-03-12,AAPL,DN,ATM,AAPL260313P00257500,2026-03-12 10:30:00-04:00,1,3.78,3.4299999999999997,-0.09259259259259267,T+30,2026-03-12 10:30:00-04:00,2026-03-12 11:00:00-04:00,-0.014364931795369684,7.0,1.7271377466256739
2026-03-12,NVDA,DN,ATM,NVDA260313P00182500,2026-03-12 10:30:00-04:00,1,2.078,1.894,-0.08854667949951878,T+30,2026-03-12 10:30:00-04:00,2026-03-12 11:00:00-04:00,-0.014364931795369684,7.0,1.7271377466256739
2026-03-13,META,DN,ATM,META260313P00612500,2026-03-13 10:56:00-04:00,1,0.688,1.102,0.6017441860465118,TP,2026-03-13 10:56:00-04:00,2026-03-13 11:02:19-04:00,-0.0019754243814243955,5.0,2.5915470256826483
2026-03-13,META,DN,ATM,META260313P00612500,2026-03-13 11:23:00-04:00,2,0.582,0.948,0.6288659793814433,TP,2026-03-13 11:23:00-04:00,2026-03-13 11:24:34-04:00,-0.0018247564201292477,6.0,0.9739678023017725
2026-03-13,META,DN,ATM,META260313P00612500,2026-03-13 11:30:00-04:00,3,0.85,1.362,0.6023529411764708,TP,2026-03-13 11:30:00-04:00,2026-03-13 11:37:12-04:00,-0.003214249840961747,5.0,1.280259012196494
2026-03-13,META,DN,ATM,META260313P00612500,2026-03-13 12:45:00-04:00,4,1.588,1.056,-0.33501259445843834,T+30,2026-03-13 12:45:01-04:00,2026-03-13 13:15:00-04:00,-0.005156192453209307,9.0,1.0139929741640537
2026-03-13,AMD,DN,ATM,AMD260313P00192500,2026-03-13 13:06:00-04:00,1,0.572,0.43,-0.24825174825174823,T+30,2026-03-13 13:06:02-04:00,2026-03-13 13:36:01-04:00,-0.005591455452506167,5.0,1.0712657150816536
2026-03-16,NVDA,UP,ATM,NVDA260316C00182500,2026-03-16 10:59:00-04:00,1,2.116,2.784,0.3156899810964082,T+30,2026-03-16 10:59:00-04:00,2026-03-16 11:29:00-04:00,0.012211760346308775,8.0,-0.13608054493206595
2026-03-18,AMZN,DN,ATM,AMZN260318P00210000,2026-03-18 12:45:00-04:00,1,0.46799999999999997,0.374,-0.2008547008547008,T+30,2026-03-18 12:45:00-04:00,2026-03-18 13:15:00-04:00,-0.006463374212794082,5.0,1.385653932064805
2026-04-01,AMD,UP,ATM,AMD260402C00212500,2026-04-01 10:30:00-04:00,1,2.25,2.642,0.17422222222222228,T+30,2026-04-01 10:30:00-04:00,2026-04-01 11:00:00-04:00,0.012336694736112541,10.0,-0.4844568900119928
2026-04-01,AMD,UP,ATM,AMD260402C00212500,2026-04-01 11:40:00-04:00,2,2.988,3.37,0.12784471218206162,T+30,2026-04-01 11:40:00-04:00,2026-04-01 12:10:00-04:00,0.014953044322001618,2.0,-0.37824399595189634
2026-04-02,TSLA,DN,ATM,TSLA260402P00360000,2026-04-02 12:30:00-04:00,1,0.456,0.312,-0.3157894736842105,T+30,2026-04-02 12:30:00-04:00,2026-04-02 13:00:00-04:00,-0.004826618286379203,4.0,1.5930433412209462
2026-04-07,TSLA,DN,ATM,TSLA260408P00342500,2026-04-07 10:42:00-04:00,1,6.28,6.92,0.10191082802547768,T+30,2026-04-07 10:42:01-04:00,2026-04-07 11:12:00-04:00,-0.011860089716577038,9.0,0.25566494565183145
2026-04-07,AAPL,DN,ATM,AAPL260408P00247500,2026-04-07 10:51:00-04:00,1,2.5260000000000002,2.588,0.02454473475851149,T+30,2026-04-07 10:51:04-04:00,2026-04-07 11:21:00-04:00,-0.012675864881397492,9.0,0.8801372153206567
2026-04-07,TSLA,DN,ATM,TSLA260408P00342500,2026-04-07 13:48:00-04:00,2,4.13,4.32,0.04600484261501214,T+30,2026-04-07 13:48:00-04:00,2026-04-07 14:18:01-04:00,-0.00560728607354033,4.0,1.4994247754441885
2026-04-08,AAPL,UP,ATM,AAPL260408C00257500,2026-04-08 10:54:00-04:00,1,1.596,1.1340000000000001,-0.2894736842105263,T+30,2026-04-08 10:54:02-04:00,2026-04-08 11:24:07-04:00,0.026023883538025094,9.0,1.9857690074941967
2026-04-08,META,UP,ATM,META260408C00612500,2026-04-08 12:15:00-04:00,1,2.3280000000000003,3.88,0.6666666666666665,TP,2026-04-08 12:15:00-04:00,2026-04-08 12:16:12-04:00,0.029030729246292353,2.0,-0.8086737504202848
2026-04-08,META,UP,ATM,META260408C00612500,2026-04-08 12:22:00-04:00,2,6.3500000000000005,10.49,0.6519685039370078,TP,2026-04-08 12:22:00-04:00,2026-04-08 12:25:35-04:00,0.02909850685420179,3.0,-1.2701254494987242
2026-04-08,META,UP,ATM,META260408C00612500,2026-04-08 13:05:00-04:00,3,15.56,12.25,-0.21272493573264784,T+30,2026-04-08 13:05:02-04:00,2026-04-08 13:35:00-04:00,0.031357760451171,2.0,-0.24020186115604045
2026-04-09,AMZN,UP,ATM,AMZN260410C00232500,2026-04-09 11:15:00-04:00,1,0.836,1.358,0.6244019138755983,TP,2026-04-09 11:15:00-04:00,2026-04-09 11:36:49-04:00,0.0005116440277939116,2.0,-1.794796861705089
2026-04-09,META,UP,ATM,META260410C00637500,2026-04-09 11:20:00-04:00,1,4.03,3.69,-0.08436724565756826,T+30,2026-04-09 11:20:01-04:00,2026-04-09 11:50:00-04:00,0.0005116440277939116,2.0,-1.8644322534825972
2026-04-09,AMZN,UP,ATM,AMZN260410C00232500,2026-04-09 11:42:00-04:00,2,1.644,2.64,0.6058394160583944,TP,2026-04-09 11:42:02-04:00,2026-04-09 12:07:35-04:00,0.0021868656026671207,4.0,-1.8655530088992667
2026-04-09,AMZN,UP,ATM,AMZN260410C00232500,2026-04-09 13:25:00-04:00,3,1.494,1.238,-0.17135207496653282,T+30,2026-04-09 13:25:00-04:00,2026-04-09 13:55:00-04:00,0.006123223687467982,0.0,-1.2756701375710557
2026-04-10,NVDA,UP,ATM,NVDA260410C00190000,2026-04-10 10:30:00-04:00,1,0.128,0.212,0.65625,TP,2026-04-10 10:30:00-04:00,2026-04-10 10:32:17-04:00,0.004409546914956541,3.0,-1.619711748616863
2026-04-10,AMD,UP,ATM,AMD260410C00245000,2026-04-10 10:33:00-04:00,1,2.85,3.78,0.3263157894736841,T+30,2026-04-10 10:33:00-04:00,2026-04-10 11:03:00-04:00,0.004696413349944306,2.0,-0.6415833929606832
2026-04-10,NVDA,UP,ATM,NVDA260410C00190000,2026-04-10 10:38:00-04:00,2,0.178,0.302,0.696629213483146,TP,2026-04-10 10:38:00-04:00,2026-04-10 10:39:02-04:00,0.004786571372369153,2.0,0.42779320955395167
2026-04-10,NVDA,UP,ATM,NVDA260410C00190000,2026-04-10 10:57:00-04:00,3,0.218,0.352,0.6146788990825687,TP,2026-04-10 10:57:00-04:00,2026-04-10 11:09:13-04:00,0.004278407973247633,5.0,1.7402843054783559
2026-04-10,AMD,UP,ATM,AMD260410C00245000,2026-04-10 11:08:00-04:00,2,4.26,2.6559999999999997,-0.37652582159624415,T+30,2026-04-10 11:08:00-04:00,2026-04-10 11:38:00-04:00,0.004442331650383657,5.0,0.7365296948176316
2026-04-10,NVDA,UP,ATM,NVDA260410C00190000,2026-04-10 11:22:00-04:00,4,0.488,0.192,-0.6065573770491803,SL,2026-04-10 11:22:00-04:00,2026-04-10 11:39:52-04:00,0.005278342403776781,1.0,0.6451740937916915
2026-04-13,MSFT,UP,ATM,MSFT260413C00382500,2026-04-13 10:54:00-04:00,1,0.226,0.364,0.6106194690265485,TP,2026-04-13 10:54:00-04:00,2026-04-13 10:57:36-04:00,0.0019148309384309226,3.0,-0.7429366180841344
2026-04-13,MSFT,UP,ATM,MSFT260413C00382500,2026-04-13 11:27:00-04:00,2,0.456,0.304,-0.33333333333333337,T+30,2026-04-13 11:27:00-04:00,2026-04-13 11:57:00-04:00,0.0015220451049067218,5.0,1.56148772825591
2026-05-01,TSLA,UP,ATM,TSLA260501C00392500,2026-05-01 10:33:00-04:00,1,0.984,1.576,0.6016260162601628,TP,2026-05-01 10:33:00-04:00,2026-05-01 10:57:05-04:00,0.009796285200718957,2.0,-0.24010555122640562
2026-05-01,TSLA,UP,ATM,TSLA260501C00392500,2026-05-01 11:04:00-04:00,2,1.6239999999999999,2.636,0.6231527093596061,TP,2026-05-01 11:04:01-04:00,2026-05-01 11:10:15-04:00,0.008193529059316917,2.0,3.014229810337116
2026-05-01,TSLA,UP,ATM,TSLA260501C00392500,2026-05-01 11:32:00-04:00,3,2.54,4.07,0.6023622047244095,TP,2026-05-01 11:32:00-04:00,2026-05-01 11:40:33-04:00,0.010859796285200618,1.0,1.1538453481233044
2026-05-01,TSLA,UP,ATM,TSLA260501C00392500,2026-05-01 13:44:00-04:00,4,5.08,4.78,-0.05905511811023623,T+30,2026-05-01 13:44:00-04:00,2026-05-01 14:14:01-04:00,0.011428999400838746,0.0,1.7484791026138369
2026-05-04,AMZN,UP,ATM,AMZN260504C00270000,2026-05-04 10:38:00-04:00,1,3.97,4.930000000000001,0.24181360201511337,T+30,2026-05-04 10:38:00-04:00,2026-05-04 11:08:00-04:00,0.002655156046042606,1.0,-0.3290085733693699
2026-05-06,NVDA,UP,ATM,NVDA260506C00207500,2026-05-06 10:34:00-04:00,1,0.416,0.232,-0.4423076923076923,T+30,2026-05-06 10:34:00-04:00,2026-05-06 11:04:00-04:00,0.012486611007585857,4.0,-0.6358618889905356
2026-05-07,TSLA,UP,ATM,TSLA260508C00415000,2026-05-07 10:36:00-04:00,1,4.09,3.02,-0.26161369193154027,T+30,2026-05-07 10:36:00-04:00,2026-05-07 11:06:00-04:00,0.0055996837149121514,0.0,0.09742506269524989
2026-05-07,MSFT,UP,ATM,MSFT260508C00425000,2026-05-07 10:47:00-04:00,1,3.47,3.88,0.11815561959654164,T+30,2026-05-07 10:47:01-04:00,2026-05-07 11:17:00-04:00,0.006706681522481439,0.0,0.6924366930692537
2026-05-07,MSFT,UP,ATM,MSFT260508C00425000,2026-05-07 11:55:00-04:00,2,4.12,2.988,-0.27475728155339807,T+30,2026-05-07 11:55:00-04:00,2026-05-07 12:25:01-04:00,0.0038026093519749615,0.0,1.0201473142722075
2026-05-08,AAPL,UP,ATM,AAPL260508C00292500,2026-05-08 10:30:00-04:00,1,1.85,1.586,-0.1427027027027027,T+30,2026-05-08 10:30:00-04:00,2026-05-08 11:00:01-04:00,0.014188479415192967,3.0,1.0814686902320496
2026-05-08,TSLA,UP,ATM,TSLA260508C00425000,2026-05-08 10:50:00-04:00,1,3.24,5.22,0.6111111111111109,TP,2026-05-08 10:50:00-04:00,2026-05-08 10:57:02-04:00,0.01633258025988238,2.0,1.236576202363541
2026-05-08,TSLA,UP,ATM,TSLA260508C00425000,2026-05-08 11:36:00-04:00,2,5.83,5.07,-0.13036020583190389,T+30,2026-05-08 11:36:00-04:00,2026-05-08 12:06:00-04:00,0.01875008993711602,0.0,0.8949466049792137
2026-05-11,TSLA,DN,ATM,TSLA260511P00445000,2026-05-11 10:31:00-04:00,1,27.01,21.35,-0.2095520177711958,T+30,2026-05-11 10:31:00-04:00,2026-05-11 11:01:00-04:00,-0.002615629086920479,2.0,0.5594700918467986
2026-05-11,NVDA,UP,ATM,NVDA260511C00220000,2026-05-11 10:46:00-04:00,1,0.946,1.516,0.6025369978858353,TP,2026-05-11 10:46:00-04:00,2026-05-11 10:50:52-04:00,0.001096876713869932,1.0,-0.4981958986786521
2026-05-11,NVDA,UP,ATM,NVDA260511C00220000,2026-05-11 11:54:00-04:00,2,2.112,1.946,-0.07859848484848486,T+30,2026-05-11 11:54:00-04:00,2026-05-11 12:24:00-04:00,0.004260944157725266,0.0,0.12456098866317883
2026-05-12,TSLA,DN,ATM,TSLA260513P00432500,2026-05-12 10:31:00-04:00,1,6.33,7.08,0.11848341232227488,T+30,2026-05-12 10:31:00-04:00,2026-05-12 11:01:00-04:00,-0.01335893913482289,1.0,2.468860898354664
2026-05-12,TSLA,DN,ATM,TSLA260513P00432500,2026-05-12 11:22:00-04:00,2,9.07,9.379999999999999,0.03417861080485096,T+30,2026-05-12 11:22:00-04:00,2026-05-12 11:52:00-04:00,-0.017648237965740443,0.0,1.2508417667130955
2026-05-12,TSLA,DN,ATM,TSLA260513P00432500,2026-05-12 11:57:00-04:00,3,10.82,10.03,-0.07301293900184846,T+30,2026-05-12 11:57:00-04:00,2026-05-12 12:27:01-04:00,-0.019765062098741182,2.0,-0.7848266337052104
2026-05-13,TSLA,UP,ATM,TSLA260513C00445000,2026-05-13 10:41:00-04:00,1,3.98,5.72,0.4371859296482412,T+30,2026-05-13 10:41:00-04:00,2026-05-13 11:11:00-04:00,0.0025310728072283073,0.0,-0.959136768099408
2026-05-13,NVDA,UP,ATM,NVDA260513C00227500,2026-05-13 10:51:00-04:00,1,0.618,0.992,0.6051779935275081,TP,2026-05-13 10:51:01-04:00,2026-05-13 11:02:40-04:00,0.0034643175294466477,0.0,-0.6762532005944404
2026-05-13,NVDA,UP,ATM,NVDA260513C00227500,2026-05-13 11:09:00-04:00,2,1.146,0.654,-0.4293193717277486,T+30,2026-05-13 11:09:00-04:00,2026-05-13 11:39:01-04:00,0.0054299288754400266,0.0,1.3044558037885012
2026-05-13,TSLA,UP,ATM,TSLA260513C00445000,2026-05-13 12:15:00-04:00,2,5.23,5.53,0.05736137667304009,T+30,2026-05-13 12:15:02-04:00,2026-05-13 12:45:00-04:00,0.007494096520128446,0.0,0.9939969227765841
2026-05-14,NVDA,UP,ATM,NVDA260515C00235000,2026-05-14 10:38:00-04:00,1,3.13,2.882,-0.07923322683706069,T+30,2026-05-14 10:38:00-04:00,2026-05-14 11:08:01-04:00,0.006788248631853122,0.0,-0.36314573611260786
2026-05-15,NVDA,DN,ATM,NVDA260515P00227500,2026-05-15 10:30:00-04:00,1,2.134,2.308,0.08153701968134963,T+30,2026-05-15 10:30:00-04:00,2026-05-15 11:00:00-04:00,-0.012254595473302543,4.0,-1.1186103023963343
2026-05-15,NVDA,DN,ATM,NVDA260515P00227500,2026-05-15 11:07:00-04:00,2,2.4,0.956,-0.6016666666666667,SL,2026-05-15 11:07:00-04:00,2026-05-15 11:32:39-04:00,-0.014338710349714567,1.0,-0.437234885710413
2026-05-18,TSLA,DN,ATM,TSLA260518P00410000,2026-05-18 10:30:00-04:00,1,1.144,1.852,0.6188811188811192,TP,2026-05-18 10:30:00-04:00,2026-05-18 10:33:45-04:00,-0.0034137395965579964,3.0,-1.1732843948692533
2026-05-18,TSLA,DN,ATM,TSLA260518P00410000,2026-05-18 10:40:00-04:00,2,1.728,2.83,0.6377314814814816,TP,2026-05-18 10:40:00-04:00,2026-05-18 10:56:54-04:00,-0.006369022429115523,5.0,0.7328264570077178
2026-05-18,TSLA,DN,ATM,TSLA260518P00410000,2026-05-18 12:29:00-04:00,3,2.494,0.98,-0.6070569366479551,SL,2026-05-18 12:29:00-04:00,2026-05-18 12:54:40-04:00,-0.011948088587953154,1.0,0.4560052518690324
2026-05-19,AMZN,DN,ATM,AMZN260520P00257500,2026-05-19 11:15:00-04:00,1,2.268,2.77,0.2213403880070548,T+30,2026-05-19 11:15:00-04:00,2026-05-19 11:45:02-04:00,-0.008629607062391131,8.0,-0.3387104657760877
2026-05-19,TSLA,DN,ATM,TSLA260520P00397500,2026-05-19 11:25:00-04:00,1,5.58,4.930000000000001,-0.11648745519713255,T+30,2026-05-19 11:25:00-04:00,2026-05-19 11:55:00-04:00,-0.011449462243697917,5.0,1.829594359899168
2026-05-20,NVDA,UP,ATM,NVDA260522C00225000,2026-05-20 11:15:00-04:00,1,6.79,6.66,-0.019145802650957222,T+30,2026-05-20 11:15:00-04:00,2026-05-20 11:45:00-04:00,0.014496678735353763,3.0,-0.6945582518449684
2026-05-20,AMD,UP,ATM,AMD260522C00445000,2026-05-20 11:21:00-04:00,1,13.639999999999999,14.120000000000001,0.03519061583577732,T+30,2026-05-20 11:21:00-04:00,2026-05-20 11:51:04-04:00,0.013983521965960755,2.0,-0.648907186752119
2026-05-21,AMD,DN,ATM,AMD260522P00437500,2026-05-21 11:06:00-04:00,1,8.33,6.58,-0.2100840336134454,T+30,2026-05-21 11:06:04-04:00,2026-05-21 11:36:01-04:00,-0.007138149129819027,2.0,-1.264249816622072
2026-05-21,NVDA,DN,ATM,NVDA260522P00220000,2026-05-21 11:34:00-04:00,1,3.34,2.534,-0.24131736526946113,T+30,2026-05-21 11:34:00-04:00,2026-05-21 12:04:01-04:00,-0.006759504676960293,2.0,-0.8430371370136466
2026-05-22,TSLA,UP,ATM,TSLA260522C00425000,2026-05-22 10:38:00-04:00,1,4.38,5.79,0.32191780821917804,T+30,2026-05-22 10:38:00-04:00,2026-05-22 11:08:01-04:00,0.006144586745048697,0.0,-2.0989857986684877
2026-05-22,AMD,UP,ATM,AMD260522C00467500,2026-05-22 11:05:00-04:00,1,4.4799999999999995,7.199999999999999,0.6071428571428572,TP,2026-05-22 11:05:04-04:00,2026-05-22 11:11:31-04:00,0.008650010497585514,1.0,-1.0423175796862227
2026-05-22,AMD,UP,ATM,AMD260522C00467500,2026-05-22 11:17:00-04:00,2,7.5200000000000005,5.1499999999999995,-0.3151595744680852,T+30,2026-05-22 11:17:00-04:00,2026-05-22 11:47:00-04:00,0.009041920358317412,1.0,-0.8613254546497593
2026-05-22,TSLA,UP,ATM,TSLA260522C00425000,2026-05-22 11:55:00-04:00,2,3.78,6.12,0.6190476190476191,TP,2026-05-22 11:55:00-04:00,2026-05-22 12:03:38-04:00,0.008566029813142917,0.0,-0.8140863645386881
2026-05-22,TSLA,UP,ATM,TSLA260522C00425000,2026-05-22 13:32:00-04:00,3,5.27,3.32,-0.3700189753320683,T+30,2026-05-22 13:32:05-04:00,2026-05-22 14:02:00-04:00,0.009734761004968728,2.0,0.10665304836742787
2026-05-27,AMD,DN,ATM,AMD260529P00502500,2026-05-27 10:30:00-04:00,1,22.03,18.71,-0.15070358601906486,T+30,2026-05-27 10:30:00-04:00,2026-05-27 11:00:04-04:00,-0.004834225770668832,1.0,0.4249145810414595
2026-05-28,AMD,UP,ATM,AMD260529C00510000,2026-05-28 10:35:00-04:00,1,8.39,12.610000000000001,0.5029797377830751,T+30,2026-05-28 10:35:01-04:00,2026-05-28 11:05:01-04:00,0.002644038986141073,1.0,0.02804027963465595
2026-05-28,AMD,UP,ATM,AMD260529C00510000,2026-05-28 11:11:00-04:00,2,14.969999999999999,19.009999999999998,0.26987307949231787,T+30,2026-05-28 11:11:03-04:00,2026-05-28 11:41:01-04:00,0.005812279811923338,0.0,-0.8955566027154237
2026-05-28,MSFT,UP,ATM,MSFT260529C00425000,2026-05-28 11:28:00-04:00,1,3.99,3.42,-0.1428571428571429,T+30,2026-05-28 11:28:06-04:00,2026-05-28 11:58:09-04:00,0.00738872362883658,1.0,0.484250010766998
2026-05-28,AMD,UP,ATM,AMD260529C00510000,2026-05-28 12:46:00-04:00,3,15.55,14.780000000000001,-0.04951768488745978,T+30,2026-05-28 12:46:08-04:00,2026-05-28 13:16:00-04:00,0.008855501788921138,0.0,-1.3745652056340405
2026-05-29,MSFT,UP,ATM,MSFT260529C00450000,2026-05-29 10:34:00-04:00,1,0.228,0.374,0.6403508771929824,TP,2026-05-29 10:34:00-04:00,2026-05-29 10:37:34-04:00,0.005043913315387449,1.0,-0.7931817716143069
2026-05-29,MSFT,UP,ATM,MSFT260529C00450000,2026-05-29 12:30:00-04:00,2,0.098,0.162,0.653061224489796,TP,2026-05-29 12:30:09-04:00,2026-05-29 12:33:49-04:00,0.00377940016858358,1.0,-2.1106218500148746
2026-05-29,MSFT,UP,ATM,MSFT260529C00450000,2026-05-29 12:39:00-04:00,3,0.266,0.10400000000000001,-0.6090225563909775,SL,2026-05-29 12:39:07-04:00,2026-05-29 12:58:00-04:00,0.005200261032710651,1.0,-1.5137639892300654
2026-06-02,AAPL,UP,ATM,AAPL260603C00310000,2026-06-02 11:27:00-04:00,1,3.67,3.57,-0.027247956403269824,T+30,2026-06-02 11:27:02-04:00,2026-06-02 11:57:00-04:00,0.0030025986616217804,0.0,-0.6104150976590036
2026-06-03,AMD,UP,ATM,AMD260605C00535000,2026-06-03 10:38:00-04:00,1,15.72,14.9,-0.05216284987277353,T+30,2026-06-03 10:38:03-04:00,2026-06-03 11:08:00-04:00,0.0003082696689451492,2.0,-1.6013282116655994
2026-06-03,MSFT,DN,ATM,MSFT260603P00427500,2026-06-03 10:44:00-04:00,1,1.882,2.39,0.26992561105207247,T+30,2026-06-03 10:44:01-04:00,2026-06-03 11:14:00-04:00,-0.00010722423267661707,3.0,-0.4977569362674413
2026-06-03,MSFT,DN,ATM,MSFT260603P00427500,2026-06-03 12:11:00-04:00,2,2.23,3.3499999999999996,0.5022421524663676,T+30,2026-06-03 12:11:00-04:00,2026-06-03 12:41:03-04:00,-0.0030089800294866853,2.0,0.6396347331118568
2026-06-04,AMD,DN,ATM,AMD260605P00530000,2026-06-04 11:51:00-04:00,1,15.43,13.9,-0.09915748541801683,T+30,2026-06-04 11:51:03-04:00,2026-06-04 12:21:01-04:00,-0.008182844243792342,0.0,-0.043474771401575844
2026-06-05,TSLA,DN,ATM,TSLA260605P00392500,2026-06-05 11:02:00-04:00,1,0.108,0.182,0.6851851851851851,TP,2026-06-05 11:02:03-04:00,2026-06-05 11:04:00-04:00,-0.021904118838622644,2.0,-0.8425549506764655
2026-06-05,NVDA,DN,ATM,NVDA260605P00205000,2026-06-05 11:06:00-04:00,1,0.098,0.162,0.653061224489796,TP,2026-06-05 11:06:00-04:00,2026-06-05 11:17:07-04:00,-0.022822417285617846,2.0,-0.25299273030384767
2026-06-05,TSLA,DN,ATM,TSLA260605P00392500,2026-06-05 11:10:00-04:00,2,0.158,0.262,0.6582278481012658,TP,2026-06-05 11:10:00-04:00,2026-06-05 11:15:57-04:00,-0.02257933828494263,2.0,0.38023712215223127
2026-06-05,NVDA,DN,ATM,NVDA260605P00205000,2026-06-05 11:23:00-04:00,2,0.248,0.14200000000000002,-0.42741935483870963,T+30,2026-06-05 11:23:00-04:00,2026-06-05 11:53:05-04:00,-0.024550979068197143,1.0,1.936279847397661
2026-06-05,TSLA,DN,ATM,TSLA260605P00392500,2026-06-05 11:41:00-04:00,3,0.266,0.434,0.631578947368421,TP,2026-06-05 11:41:00-04:00,2026-06-05 12:07:42-04:00,-0.02769750168804863,4.0,2.401994099704737
2026-06-05,TSLA,DN,ATM,TSLA260605P00392500,2026-06-05 12:21:00-04:00,4,0.428,0.698,0.6308411214953271,TP,2026-06-05 12:21:00-04:00,2026-06-05 12:45:45-04:00,-0.029385550303848706,5.0,1.2522246601197393
2026-06-05,TSLA,DN,ATM,TSLA260605P00392500,2026-06-05 13:16:00-04:00,5,0.836,0.334,-0.6004784688995215,SL,2026-06-05 13:16:01-04:00,2026-06-05 13:39:00-04:00,-0.036083727211343675,3.0,1.5325406174393648
2026-06-08,TSLA,UP,ATM,TSLA260608C00410000,2026-06-08 10:30:00-04:00,1,0.776,0.576,-0.2577319587628867,T+30,2026-06-08 10:30:00-04:00,2026-06-08 11:00:00-04:00,0.01793664747752599,6.0,1.2237624826271627
2026-06-09,TSLA,DN,ATM,TSLA260610P00397500,2026-06-09 11:12:00-04:00,1,3.78,6.07,0.605820105820106,TP,2026-06-09 11:12:00-04:00,2026-06-09 11:26:31-04:00,-0.00798860367028853,8.0,0.9261948757135653
2026-06-10,TSLA,DN,ATM,TSLA260610P00382500,2026-06-10 10:45:00-04:00,1,1.226,1.964,0.601957585644372,TP,2026-06-10 10:45:00-04:00,2026-06-10 11:00:30-04:00,-0.001638695824150993,10.0,1.6165565395905728
2026-06-10,NVDA,DN,ATM,NVDA260610P00200000,2026-06-10 10:58:00-04:00,1,0.258,0.422,0.635658914728682,TP,2026-06-10 10:58:00-04:00,2026-06-10 11:07:36-04:00,-0.008009832174944886,6.0,3.1612399196215626
2026-06-10,TSLA,DN,ATM,TSLA260610P00382500,2026-06-10 11:13:00-04:00,2,2.232,0.876,-0.6075268817204301,SL,2026-06-10 11:13:00-04:00,2026-06-10 11:41:52-04:00,-0.010623269480702913,6.0,1.765130462101483
2026-06-10,NVDA,DN,ATM,NVDA260610P00200000,2026-06-10 11:13:00-04:00,2,0.558,0.402,-0.27956989247311825,T+30,2026-06-10 11:13:00-04:00,2026-06-10 11:43:00-04:00,-0.010623269480702913,6.0,1.765130462101483
2026-06-11,AMD,UP,ATM,AMD260612C00462500,2026-06-11 10:30:00-04:00,1,17.47,12.07,-0.3091013165426445,T+30,2026-06-11 10:30:01-04:00,2026-06-11 11:00:00-04:00,0.010695958023410057,8.0,0.6508707210484724
2026-06-12,AMD,UP,ATM,AMD260612C00510000,2026-06-12 11:33:00-04:00,1,6.6899999999999995,2.664,-0.6017937219730941,SL,2026-06-12 11:33:00-04:00,2026-06-12 11:59:21-04:00,0.008632962983641246,0.0,-0.5512531649754384
2026-06-15,NVDA,UP,ATM,NVDA260615C00212500,2026-06-15 10:33:00-04:00,1,0.148,0.242,0.6351351351351351,TP,2026-06-15 10:33:00-04:00,2026-06-15 10:35:26-04:00,0.027202018661527605,3.0,-0.8625383789049381
2026-06-15,NVDA,UP,ATM,NVDA260615C00212500,2026-06-15 10:55:00-04:00,2,0.128,0.212,0.65625,TP,2026-06-15 10:55:00-04:00,2026-06-15 10:59:10-04:00,0.027257476395801783,1.0,-1.579305646221227
2026-06-15,NVDA,UP,ATM,NVDA260615C00212500,2026-06-15 11:05:00-04:00,3,0.298,0.28200000000000003,-0.053691275167785046,T+30,2026-06-15 11:05:00-04:00,2026-06-15 11:35:00-04:00,0.0293648702982241,0.0,-0.6772152167046888
2026-06-16,TSLA,DN,ATM,TSLA260617P00402500,2026-06-16 10:31:00-04:00,1,5.18,3.07,-0.4073359073359073,T+30,2026-06-16 10:31:00-04:00,2026-06-16 11:01:01-04:00,-0.008388900838890101,3.0,1.6903114994321726
2026-06-18,NVDA,UP,ATM,NVDA260618C00210000,2026-06-18 11:10:00-04:00,1,0.658,0.262,-0.601823708206687,SL,2026-06-18 11:10:00-04:00,2026-06-18 11:36:08-04:00,0.02207626297577847,1.0,-1.7784790301159912
2026-06-22,AMZN,DN,ATM,AMZN260622P00235000,2026-06-22 10:31:00-04:00,1,0.9339999999999999,1.51,0.6167023554603857,TP,2026-06-22 10:31:00-04:00,2026-06-22 10:54:48-04:00,-0.0011221371981720019,0.0,3.455253510973898
2026-06-22,AMZN,DN,ATM,AMZN260622P00235000,2026-06-22 11:56:00-04:00,2,1.876,2.158,0.1503198294243071,T+30,2026-06-22 11:56:00-04:00,2026-06-22 12:26:00-04:00,-0.005178054781926789,1.0,-0.9069587950325075
2026-06-22,AMZN,DN,ATM,AMZN260622P00235000,2026-06-22 13:05:00-04:00,3,2.264,1.754,-0.22526501766784446,T+30,2026-06-22 13:05:06-04:00,2026-06-22 13:35:01-04:00,-0.005151015331368414,0.0,2.434732286822176
2026-06-23,NVDA,DN,ATM,NVDA260624P00202500,2026-06-23 10:40:00-04:00,1,1.804,2.888,0.6008869179600886,TP,2026-06-23 10:40:00-04:00,2026-06-23 11:07:07-04:00,-0.024188314107975506,11.0,-0.0065912442092795655
2026-06-23,NVDA,DN,ATM,NVDA260624P00202500,2026-06-23 13:09:00-04:00,2,2.092,1.716,-0.17973231357552588,T+30,2026-06-23 13:09:00-04:00,2026-06-23 13:39:00-04:00,-0.02720999023036552,1.0,0.4377858512463366
2026-06-24,AMZN,UP,ATM,AMZN260624C00235000,2026-06-24 10:48:00-04:00,1,4.72,7.24,0.5338983050847459,T+30,2026-06-24 10:48:00-04:00,2026-06-24 11:18:00-04:00,0.006809679272513192,4.0,-2.093611818255581
2026-06-24,AMD,DN,ATM,AMD260626P00512500,2026-06-24 13:23:00-04:00,1,15.3,15.290000000000001,-0.0006535947712418277,T+30,2026-06-24 13:23:02-04:00,2026-06-24 13:53:00-04:00,-0.006344491305748989,3.0,1.9185585090300228
2026-06-26,AMD,DN,ATM,AMD260626P00520000,2026-06-26 10:37:00-04:00,1,5.97,7.75,0.2981574539363485,T+30,2026-06-26 10:37:01-04:00,2026-06-26 11:07:00-04:00,-0.00794404266607085,8.0,-0.3363946668389157
2026-06-26,AMD,DN,ATM,AMD260626P00520000,2026-06-26 11:12:00-04:00,2,8.62,5.13,-0.40487238979118323,T+30,2026-06-26 11:12:02-04:00,2026-06-26 11:42:00-04:00,-0.009877698042610294,3.0,1.0832933927513957
2026-06-29,TSLA,UP,ATM,TSLA260629C00412500,2026-06-29 10:30:00-04:00,1,0.068,0.112,0.6470588235294117,TP,2026-06-29 10:30:03-04:00,2026-06-29 10:33:45-04:00,0.00957724130114479,3.0,-0.20023237178383238
2026-06-29,META,UP,ATM,META260629C00562500,2026-06-29 10:39:00-04:00,1,6.3100000000000005,2.662,-0.5781299524564184,T+30,2026-06-29 10:39:03-04:00,2026-06-29 11:09:01-04:00,0.009931429219086407,2.0,-0.0990417510849366
2026-06-29,TSLA,UP,ATM,TSLA260629C00412500,2026-06-29 11:32:00-04:00,2,0.11599999999999999,0.132,0.13793103448275867,T+30,2026-06-29 11:32:00-04:00,2026-06-29 12:02:00-04:00,0.016044712682760975,0.0,-1.3253313341855255
2026-06-29,TSLA,UP,ATM,TSLA260629C00412500,2026-06-29 12:56:00-04:00,3,0.138,0.232,0.681159420289855,TP,2026-06-29 12:56:00-04:00,2026-06-29 13:07:44-04:00,0.021095432392610247,0.0,-0.756599766002534
2026-06-29,TSLA,UP,ATM,TSLA260629C00412500,2026-06-29 13:13:00-04:00,4,0.338,0.544,0.6094674556213018,TP,2026-06-29 13:13:00-04:00,2026-06-29 13:20:30-04:00,0.023631417885072947,0.0,-1.2471964390195942
2026-06-29,TSLA,UP,ATM,TSLA260629C00412500,2026-06-29 13:28:00-04:00,5,0.556,0.944,0.6978417266187047,TP,2026-06-29 13:28:00-04:00,2026-06-29 13:35:04-04:00,0.024141448486909134,0.0,-0.6565255735049597
2026-06-30,AMD,UP,ATM,AMD260702C00580000,2026-06-30 10:43:00-04:00,1,6.19,7.949999999999999,0.2843295638126009,T+30,2026-06-30 10:43:00-04:00,2026-06-30 11:13:02-04:00,0.011678983355204009,0.0,-0.26674118203948216
2026-06-30,AAPL,UP,ATM,AAPL260701C00287500,2026-06-30 11:24:00-04:00,1,2.806,3.014,0.07412687099073412,T+30,2026-06-30 11:24:01-04:00,2026-06-30 11:54:00-04:00,0.011975965190966109,0.0,-1.4151263822301436
2026-06-30,AMD,UP,ATM,AMD260702C00580000,2026-06-30 11:41:00-04:00,2,9.76,13.73,0.4067622950819674,T+30,2026-06-30 11:41:00-04:00,2026-06-30 12:11:00-04:00,0.01280475170937212,0.0,-0.762625909320139
2026-06-30,AMD,UP,ATM,AMD260702C00580000,2026-06-30 12:45:00-04:00,3,14.84,14.34,-0.03369272237196763,T+30,2026-06-30 12:45:04-04:00,2026-06-30 13:15:04-04:00,0.016175150217556444,0.0,-1.9887010410693036
2026-06-30,AAPL,UP,ATM,AAPL260701C00287500,2026-06-30 12:51:00-04:00,2,2.784,2.452,-0.11925287356321834,T+30,2026-06-30 12:51:01-04:00,2026-06-30 13:21:00-04:00,0.01661716969403959,0.0,-1.5704339333104618
2026-07-02,AMD,DN,ATM,AMD260702P00520000,2026-07-02 10:30:00-04:00,1,2.666,4.31,0.6166541635408851,TP,2026-07-02 10:30:00-04:00,2026-07-02 10:41:49-04:00,-0.0035578355121627103,1.0,-0.17003150147536963
2026-07-02,TSLA,DN,ATM,TSLA260702P00392500,2026-07-02 10:30:00-04:00,1,0.926,1.516,0.6371490280777536,TP,2026-07-02 10:30:00-04:00,2026-07-02 10:34:47-04:00,-0.0035578355121627103,1.0,-0.17003150147536963
2026-07-02,TSLA,DN,ATM,TSLA260702P00392500,2026-07-02 11:20:00-04:00,2,1.808,0.716,-0.6039823008849559,SL,2026-07-02 11:20:00-04:00,2026-07-02 11:34:53-04:00,-0.013459098681670278,7.0,1.8967118961793488
2026-07-02,AMD,DN,ATM,AMD260702P00520000,2026-07-02 11:58:00-04:00,2,4.84,6.22,0.2851239669421488,T+30,2026-07-02 11:58:00-04:00,2026-07-02 12:28:00-04:00,-0.012900601246621513,4.0,0.17759952089774095
2026-07-02,AMD,DN,ATM,AMD260702P00520000,2026-07-02 12:34:00-04:00,3,7.38,9.74,0.3197831978319783,T+30,2026-07-02 12:34:00-04:00,2026-07-02 13:04:00-04:00,-0.01865795134866788,2.0,0.7397459420020694
2026-07-02,AMD,DN,ATM,AMD260702P00520000,2026-07-02 13:25:00-04:00,4,8.27,10.209999999999999,0.23458282950423204,T+30,2026-07-02 13:25:00-04:00,2026-07-02 13:55:03-04:00,-0.020740250427491835,1.0,1.893903641840601
2026-07-06,TSLA,UP,ATM,TSLA260706C00417500,2026-07-06 11:00:00-04:00,1,0.256,0.414,0.6171874999999998,TP,2026-07-06 11:00:00-04:00,2026-07-06 11:01:51-04:00,0.015728035468754342,0.0,1.4700872054411465
2026-07-06,TSLA,UP,ATM,TSLA260706C00417500,2026-07-06 11:25:00-04:00,2,0.448,0.722,0.6116071428571428,TP,2026-07-06 11:25:00-04:00,2026-07-06 11:31:56-04:00,0.01591043017088989,0.0,1.4020478162196628
2026-07-06,TSLA,UP,ATM,TSLA260706C00417500,2026-07-06 11:46:00-04:00,3,0.744,1.192,0.6021505376344085,TP,2026-07-06 11:46:02-04:00,2026-07-06 12:02:42-04:00,0.01808162864438656,2.0,-1.5997738727055837
2026-07-06,TSLA,UP,ATM,TSLA260706C00417500,2026-07-06 12:08:00-04:00,4,2.054,2.5020000000000002,0.21811100292112973,T+30,2026-07-06 12:08:01-04:00,2026-07-06 12:38:00-04:00,0.018043045149704007,0.0,-2.3261661049583844
2026-07-06,TSLA,UP,ATM,TSLA260706C00417500,2026-07-06 12:57:00-04:00,5,2.282,1.826,-0.1998247151621384,T+30,2026-07-06 12:57:00-04:00,2026-07-06 13:27:00-04:00,0.015728035468754342,0.0,-1.2942833992955238
2026-07-07,TSLA,DN,ATM,TSLA260708P00410000,2026-07-07 10:42:00-04:00,1,6.43,5.58,-0.13219284603421455,T+30,2026-07-07 10:42:00-04:00,2026-07-07 11:12:00-04:00,-0.023566693882069667,4.0,1.6996809052221222
2026-07-08,META,DN,ATM,META260708P00602500,2026-07-08 10:41:00-04:00,1,4.61,2.834,-0.3852494577006508,T+30,2026-07-08 10:41:05-04:00,2026-07-08 11:11:04-04:00,-0.003742098252982662,9.0,1.9667685475840402
2026-07-08,TSLA,DN,ATM,TSLA260708P00392500,2026-07-08 10:50:00-04:00,1,2.786,2.52,-0.09547738693467334,T+30,2026-07-08 10:50:00-04:00,2026-07-08 11:20:00-04:00,-0.007336203919689366,6.0,2.2338101724723716
2026-07-09,AMD,UP,ATM,AMD260710C00557500,2026-07-09 10:33:00-04:00,1,11.25,8.780000000000001,-0.2195555555555555,T+30,2026-07-09 10:33:00-04:00,2026-07-09 11:03:01-04:00,0.009791930268522542,4.0,0.21971082438401246
2026-07-09,META,UP,ATM,META260710C00602500,2026-07-09 12:21:00-04:00,1,14.49,13.41,-0.07453416149068326,T+30,2026-07-09 12:21:00-04:00,2026-07-09 12:51:01-04:00,0.015197525657247413,0.0,-0.008854684055046264
2026-07-10,NVDA,UP,ATM,NVDA260710C00210000,2026-07-10 11:26:00-04:00,1,0.368,0.592,0.6086956521739131,TP,2026-07-10 11:26:00-04:00,2026-07-10 11:38:16-04:00,0.0008227436773184937,1.0,-1.1608171014763375
2026-07-10,META,UP,ATM,META260710C00667500,2026-07-10 11:29:00-04:00,1,9.399999999999999,5.989999999999999,-0.3627659574468085,T+30,2026-07-10 11:29:04-04:00,2026-07-10 11:59:01-04:00,0.0011904202215184956,0.0,-0.9780420211422253
2026-07-10,NVDA,UP,ATM,NVDA260710C00210000,2026-07-10 12:23:00-04:00,2,0.958,0.714,-0.25469728601252606,T+30,2026-07-10 12:23:00-04:00,2026-07-10 12:53:00-04:00,0.0024751448443700585,0.0,-1.515362719933039
2026-07-13,NVDA,DN,ATM,NVDA260713P00205000,2026-07-13 12:06:00-04:00,1,0.338,0.542,0.6035502958579881,TP,2026-07-13 12:06:00-04:00,2026-07-13 12:33:15-04:00,-0.014482316619345514,0.0,-0.23639927391355667
2026-07-13,TSLA,DN,ATM,TSLA260713P00392500,2026-07-13 12:08:00-04:00,1,0.908,1.482,0.63215859030837,TP,2026-07-13 12:08:00-04:00,2026-07-13 12:37:21-04:00,-0.0139068831491026,0.0,-0.42697207740128246
2026-07-13,TSLA,DN,ATM,TSLA260713P00392500,2026-07-13 12:55:00-04:00,2,1.228,0.484,-0.6058631921824105,SL,2026-07-13 12:55:00-04:00,2026-07-13 13:13:32-04:00,-0.017642032141577224,5.0,1.3006684865350344
2026-07-13,NVDA,DN,ATM,NVDA260713P00205000,2026-07-13 13:10:00-04:00,2,0.568,0.922,0.6232394366197185,TP,2026-07-13 13:10:01-04:00,2026-07-13 13:16:14-04:00,-0.01575378338892408,3.0,-0.295630147250674
2026-07-13,NVDA,DN,ATM,NVDA260713P00205000,2026-07-13 13:22:00-04:00,3,1.056,1.526,0.44507575757575757,T+30,2026-07-13 13:22:00-04:00,2026-07-13 13:52:00-04:00,-0.016911541748215075,3.0,-0.5737868450074053
