date,month,entry_ts,leg,net_return_pct,exit_reason
2026-04-13,4,2026-04-13T15:22:00+00:00,PUT,-1.2953,MAX_HOLD
2026-04-13,4,2026-04-13T18:26:00+00:00,PUT,-16.7277,EARLY_STOP
2026-04-14,4,2026-04-14T15:08:00+00:00,PUT,-20.677,EARLY_STOP
2026-04-15,4,2026-04-15T14:04:00+00:00,CALL,28.8295,MAX_HOLD
2026-04-15,4,2026-04-15T15:01:00+00:00,CALL,19.3403,MAX_HOLD
2026-04-15,4,2026-04-15T15:58:00+00:00,CALL,-0.8078,TIME_STOP
2026-04-15,4,2026-04-15T16:47:00+00:00,CALL,18.8901,MAX_HOLD
2026-04-16,4,2026-04-16T15:02:00+00:00,CALL,18.1164,STEP_PROTECT
2026-04-16,4,2026-04-16T16:29:00+00:00,PUT,19.1206,STEP_PROTECT
2026-04-16,4,2026-04-16T17:03:00+00:00,PUT,-12.8637,EARLY_STOP
2026-04-16,4,2026-04-16T17:46:00+00:00,CALL,-14.926,EARLY_STOP
2026-04-17,4,2026-04-17T13:46:00+00:00,CALL,9.0703,STEP_PROTECT
2026-04-17,4,2026-04-17T14:31:00+00:00,CALL,33.1755,MAX_HOLD
2026-04-17,4,2026-04-17T15:36:00+00:00,CALL,-13.7545,EARLY_STOP
2026-04-17,4,2026-04-17T16:04:00+00:00,PUT,-13.8103,EARLY_STOP
2026-04-20,4,2026-04-20T13:56:00+00:00,PUT,11.665,STEP_PROTECT
2026-04-20,4,2026-04-20T14:35:00+00:00,PUT,39.1352,TRAILING
2026-04-21,4,2026-04-21T14:29:00+00:00,PUT,47.6361,TRAILING
2026-04-21,4,2026-04-21T15:21:00+00:00,PUT,21.0718,STEP_PROTECT
2026-04-22,4,2026-04-22T14:14:00+00:00,CALL,20.7816,STEP_PROTECT
2026-04-22,4,2026-04-22T14:48:00+00:00,CALL,-12.476,EARLY_STOP
2026-04-22,4,2026-04-22T15:29:00+00:00,CALL,-2.8803,TIME_STOP
2026-04-22,4,2026-04-22T16:34:00+00:00,CALL,11.1817,MAX_HOLD
2026-04-23,4,2026-04-23T13:46:00+00:00,PUT,11.1477,STEP_PROTECT
2026-04-23,4,2026-04-23T15:45:00+00:00,PUT,10.1049,STEP_PROTECT
2026-04-23,4,2026-04-23T17:06:00+00:00,PUT,32.9209,TRAILING
2026-04-24,4,2026-04-24T15:36:00+00:00,CALL,24.3418,MAX_HOLD
2026-04-24,4,2026-04-24T16:33:00+00:00,CALL,-1.918,TIME_STOP
2026-04-24,4,2026-04-24T17:26:00+00:00,PUT,-12.1484,TIME_STOP
2026-04-24,4,2026-04-24T18:21:00+00:00,PUT,-7.5472,TIME_STOP
2026-04-27,4,2026-04-27T16:40:00+00:00,CALL,0.1716,TIME_STOP
2026-04-27,4,2026-04-27T17:40:00+00:00,CALL,1.9446,TIME_STOP
2026-04-28,4,2026-04-28T13:46:00+00:00,PUT,1.1897,TIME_STOP
2026-04-28,4,2026-04-28T17:46:00+00:00,CALL,13.3183,MAX_HOLD
2026-04-29,4,2026-04-29T13:56:00+00:00,CALL,2.3058,TIME_STOP
2026-04-29,4,2026-04-29T14:47:00+00:00,CALL,-12.7297,EARLY_STOP
2026-04-29,4,2026-04-29T15:26:00+00:00,CALL,-7.8276,TIME_STOP
2026-04-29,4,2026-04-29T16:08:00+00:00,CALL,-12.9429,EARLY_STOP
2026-04-30,4,2026-04-30T15:08:00+00:00,CALL,-7.6113,TIME_STOP
2026-04-30,4,2026-04-30T15:50:00+00:00,CALL,8.5645,MAX_HOLD
2026-04-30,4,2026-04-30T16:47:00+00:00,CALL,31.2387,MAX_HOLD
2026-04-30,4,2026-04-30T17:45:00+00:00,CALL,16.946,MAX_HOLD
2026-05-01,5,2026-05-01T13:47:00+00:00,CALL,21.5308,MAX_HOLD
2026-05-01,5,2026-05-01T15:58:00+00:00,CALL,-14.4595,EARLY_STOP
2026-05-01,5,2026-05-01T16:27:00+00:00,CALL,2.0195,TIME_STOP
2026-05-01,5,2026-05-01T17:18:00+00:00,CALL,0.6915,MAX_HOLD
2026-05-04,5,2026-05-04T15:04:00+00:00,PUT,68.3719,TRAILING
2026-05-04,5,2026-05-04T18:19:00+00:00,PUT,2.5084,TIME_STOP
2026-05-05,5,2026-05-05T16:04:00+00:00,PUT,4.2425,MAX_HOLD
2026-05-05,5,2026-05-05T17:28:00+00:00,CALL,14.2119,MAX_HOLD
2026-05-06,5,2026-05-06T13:46:00+00:00,CALL,-20.1037,EARLY_STOP
2026-05-07,5,2026-05-07T14:03:00+00:00,CALL,42.2295,MAX_HOLD
2026-05-07,5,2026-05-07T15:11:00+00:00,PUT,-5.1093,TIME_STOP
2026-05-07,5,2026-05-07T15:56:00+00:00,PUT,47.0743,TRAILING
2026-05-07,5,2026-05-07T17:26:00+00:00,PUT,-15.3481,EARLY_STOP
2026-05-08,5,2026-05-08T13:46:00+00:00,CALL,12.8582,MAX_HOLD
2026-05-08,5,2026-05-08T14:56:00+00:00,CALL,1.5935,TIME_STOP
2026-05-08,5,2026-05-08T15:38:00+00:00,CALL,-3.9224,TIME_STOP
2026-05-08,5,2026-05-08T16:20:00+00:00,CALL,19.5465,MAX_HOLD
2026-05-11,5,2026-05-11T16:34:00+00:00,PUT,9.7286,STEP_PROTECT
2026-05-11,5,2026-05-11T18:01:00+00:00,PUT,-7.0616,TIME_STOP
2026-05-12,5,2026-05-12T13:46:00+00:00,PUT,36.7941,STEP_PROTECT
2026-05-12,5,2026-05-12T14:32:00+00:00,PUT,30.1349,MAX_HOLD
2026-05-13,5,2026-05-13T15:27:00+00:00,PUT,-14.8997,EARLY_STOP
2026-05-14,5,2026-05-14T13:56:00+00:00,CALL,-14.5877,EARLY_STOP
2026-05-15,5,2026-05-15T14:24:00+00:00,CALL,-12.4367,EARLY_STOP
2026-05-15,5,2026-05-15T15:00:00+00:00,CALL,-2.416,MAX_HOLD
2026-05-15,5,2026-05-15T15:57:00+00:00,CALL,10.7082,MAX_HOLD
2026-05-15,5,2026-05-15T17:16:00+00:00,CALL,30.0707,MAX_HOLD
2026-05-18,5,2026-05-18T18:07:00+00:00,PUT,25.4705,MAX_HOLD
2026-05-19,5,2026-05-19T17:01:00+00:00,CALL,12.4549,MAX_HOLD
2026-05-19,5,2026-05-19T18:24:00+00:00,PUT,8.1035,MAX_HOLD
2026-05-20,5,2026-05-20T14:44:00+00:00,CALL,20.3875,MAX_HOLD
2026-05-21,5,2026-05-21T14:04:00+00:00,CALL,-22.6463,SOFT_STOP
2026-05-26,5,2026-05-26T16:57:00+00:00,CALL,-5.5879,TIME_STOP
2026-05-26,5,2026-05-26T18:07:00+00:00,CALL,2.3285,TIME_STOP
2026-05-28,5,2026-05-28T14:25:00+00:00,CALL,42.9147,MAX_HOLD
2026-05-29,5,2026-05-29T13:47:00+00:00,CALL,3.8638,STEP_PROTECT
2026-05-29,5,2026-05-29T16:16:00+00:00,CALL,-12.8462,EARLY_STOP
2026-06-01,6,2026-06-01T14:41:00+00:00,CALL,0.9438,TIME_STOP
2026-06-01,6,2026-06-01T15:23:00+00:00,CALL,10.7766,STEP_PROTECT
2026-06-01,6,2026-06-01T16:11:00+00:00,CALL,2.4091,TIME_STOP
2026-06-01,6,2026-06-01T17:10:00+00:00,CALL,9.9161,STEP_PROTECT
2026-06-02,6,2026-06-02T13:51:00+00:00,CALL,10.4921,STEP_PROTECT
2026-06-02,6,2026-06-02T14:30:00+00:00,CALL,31.9068,MAX_HOLD
2026-06-02,6,2026-06-02T15:27:00+00:00,CALL,2.4321,TIME_STOP
2026-06-02,6,2026-06-02T16:18:00+00:00,CALL,-13.333,EARLY_STOP
2026-06-04,6,2026-06-04T14:32:00+00:00,CALL,54.6137,MAX_HOLD
2026-06-04,6,2026-06-04T15:29:00+00:00,CALL,-16.553,EARLY_STOP
2026-06-04,6,2026-06-04T16:00:00+00:00,CALL,19.5282,MAX_HOLD
2026-06-04,6,2026-06-04T16:57:00+00:00,CALL,7.2372,MAX_HOLD
2026-06-05,6,2026-06-05T18:12:00+00:00,PUT,25.5561,MAX_HOLD
2026-06-09,6,2026-06-09T14:31:00+00:00,PUT,49.147,MAX_HOLD
2026-06-10,6,2026-06-10T14:48:00+00:00,PUT,23.734,STEP_PROTECT
2026-06-10,6,2026-06-10T17:36:00+00:00,PUT,-17.6506,EARLY_STOP
2026-06-11,6,2026-06-11T14:12:00+00:00,CALL,-13.3229,EARLY_STOP
2026-06-11,6,2026-06-11T16:10:00+00:00,CALL,-13.2509,EARLY_STOP
2026-06-12,6,2026-06-12T14:07:00+00:00,CALL,0.4499,TIME_STOP
2026-06-12,6,2026-06-12T14:53:00+00:00,CALL,14.5104,MAX_HOLD
2026-06-12,6,2026-06-12T15:51:00+00:00,CALL,9.9945,STEP_PROTECT
2026-06-12,6,2026-06-12T16:50:00+00:00,CALL,6.4076,MAX_HOLD
2026-06-15,6,2026-06-15T14:02:00+00:00,CALL,-2.4011,TIME_STOP
2026-06-15,6,2026-06-15T16:13:00+00:00,CALL,-2.8708,TIME_STOP
2026-06-15,6,2026-06-15T17:15:00+00:00,CALL,-0.2229,TIME_STOP
2026-06-16,6,2026-06-16T14:21:00+00:00,PUT,21.4885,STEP_PROTECT
2026-06-16,6,2026-06-16T17:23:00+00:00,PUT,-5.9762,TIME_STOP
2026-06-17,6,2026-06-17T14:41:00+00:00,PUT,1.6013,TIME_STOP
2026-06-22,6,2026-06-22T14:26:00+00:00,PUT,40.7347,TRAILING
2026-06-23,6,2026-06-23T16:10:00+00:00,CALL,-2.773,TIME_STOP
2026-06-23,6,2026-06-23T16:57:00+00:00,CALL,1.6845,TIME_STOP
2026-06-23,6,2026-06-23T17:39:00+00:00,CALL,-12.899,EARLY_STOP
2026-06-24,6,2026-06-24T15:38:00+00:00,PUT,-1.9802,TIME_STOP
2026-06-24,6,2026-06-24T17:53:00+00:00,PUT,-12.7758,EARLY_STOP
2026-06-26,6,2026-06-26T14:00:00+00:00,CALL,12.4789,STEP_PROTECT
2026-06-26,6,2026-06-26T15:18:00+00:00,CALL,12.973,STEP_PROTECT
2026-06-26,6,2026-06-26T16:05:00+00:00,CALL,3.2007,MAX_HOLD
2026-06-26,6,2026-06-26T17:27:00+00:00,CALL,-7.2242,TIME_STOP
2026-06-30,6,2026-06-30T13:46:00+00:00,CALL,7.5393,STEP_PROTECT
2026-06-30,6,2026-06-30T14:13:00+00:00,CALL,2.8064,TIME_STOP
2026-06-30,6,2026-06-30T14:55:00+00:00,CALL,18.3278,MAX_HOLD
2026-06-30,6,2026-06-30T15:52:00+00:00,CALL,8.0095,MAX_HOLD
