date,symbol,dir,moneyness,ticker,day_lock_ticker,contract_source,quote_source,sig_spot,sig_strike,sig_dte,sig_ts,n_in_day,entry,exit,ret,reason,entry_ts,exit_ts,regime_qqq_fp,regime_vix_rev,regime_vixy_z
2026-05-01,TSLA,UP,ATM,TSLA260501C00392500,TSLA260501C00392500,day_lock,1s,390.18,392.5,,2026-05-01 10:56:00-04:00,1,1.216,1.966,0.6167763157894737,TP,2026-05-01 10:56:00-04:00,2026-05-01 11:06:04-04:00,0.007202911112439647,3.0,0.3326405730698789
2026-05-01,TSLA,UP,ATM,TSLA260501C00392500,TSLA260501C00392500,day_lock,1s,395.16,392.5,,2026-05-01 11:41:00-04:00,2,3.98,2.664,-0.33065326633165826,T+30,2026-05-01 11:41:00-04:00,2026-05-01 12:11:00-04:00,0.009452148962878937,2.0,0.6626529454096551
2026-05-01,AAPL,UP,ATM,AAPL260501C00280000,AAPL260501C00280000,day_lock,1s,284.79,280.0,,2026-05-01 11:42:00-04:00,1,4.890000000000001,4.04,-0.17382413087934567,T+30,2026-05-01 11:42:03-04:00,2026-05-01 12:12:00-04:00,0.00932512403610497,2.0,0.9606358673075029
2026-05-04,AMZN,UP,ATM,AMZN260504C00270000,AMZN260504C00270000,day_lock,1s,274.545,270.0,,2026-05-04 10:38:00-04:00,1,3.97,4.930000000000001,0.24181360201511337,T+30,2026-05-04 10:38:00-04:00,2026-05-04 11:08:00-04:00,0.002655156046042606,1.0,-0.32900857336631223
2026-05-05,AAPL,UP,ATM,AAPL260506C00282500,AAPL260506C00282500,day_lock,1s,282.43,282.5,,2026-05-05 13:04:00-04:00,1,1.922,3.12,0.6233090530697192,TP,2026-05-05 13:04:00-04:00,2026-05-05 13:20:13-04:00,0.012617405778147628,0.0,-0.9944012607241843
2026-05-05,AAPL,UP,ATM,AAPL260506C00282500,AAPL260506C00282500,day_lock,1s,282.8501,282.5,,2026-05-05 13:53:00-04:00,2,2.056,2.69,0.30836575875486383,T+30,2026-05-05 13:53:00-04:00,2026-05-05 14:23:02-04:00,0.013850909523243526,0.0,-1.3706701149513183
2026-05-06,NVDA,UP,ATM,NVDA260506C00207500,NVDA260506C00207500,day_lock,1s,205.27,207.5,,2026-05-06 10:40:00-04:00,1,0.408,0.242,-0.4068627450980392,T+30,2026-05-06 10:40:00-04:00,2026-05-06 11:10:00-04:00,0.013689786216307454,3.0,-0.5024838253253331
2026-05-07,TSLA,UP,ATM,TSLA260508C00415000,TSLA260508C00415000,day_lock,1s,411.92,415.0,,2026-05-07 10:36:00-04:00,1,4.09,3.02,-0.26161369193154027,T+30,2026-05-07 10:36:00-04:00,2026-05-07 11:06:00-04:00,0.0055996837149121514,0.0,0.09742506267811303
2026-05-07,MSFT,UP,ATM,MSFT260508C00425000,MSFT260508C00425000,day_lock,1s,425.02,425.0,,2026-05-07 10:51:00-04:00,1,3.62,4.22,0.16574585635359096,T+30,2026-05-07 10:51:00-04:00,2026-05-07 11:21:01-04:00,0.006692304927577775,0.0,-0.06944474635289115
2026-05-07,MSFT,UP,ATM,MSFT260508C00425000,MSFT260508C00425000,day_lock,1s,426.36,425.0,,2026-05-07 11:55:00-04:00,2,4.12,2.988,-0.27475728155339807,T+30,2026-05-07 11:55:00-04:00,2026-05-07 12:25:01-04:00,0.0038026093519749615,0.0,1.0201473142332023
2026-05-08,AAPL,UP,ATM,AAPL260508C00292500,AAPL260508C00292500,day_lock,1s,293.92,292.5,,2026-05-08 10:30:00-04:00,1,1.85,1.586,-0.1427027027027027,T+30,2026-05-08 10:30:00-04:00,2026-05-08 11:00:01-04:00,0.014188479415192967,3.0,1.0814686902223065
2026-05-08,TSLA,UP,ATM,TSLA260508C00425000,TSLA260508C00425000,day_lock,1s,426.3201,425.0,,2026-05-08 10:50:00-04:00,1,3.24,5.22,0.6111111111111109,TP,2026-05-08 10:50:00-04:00,2026-05-08 10:57:02-04:00,0.01633258025988238,2.0,1.236576202345524
2026-05-08,TSLA,UP,ATM,TSLA260508C00425000,TSLA260508C00425000,day_lock,1s,429.75,425.0,,2026-05-08 11:03:00-04:00,2,5.72,5.37,-0.06118881118881114,T+30,2026-05-08 11:03:00-04:00,2026-05-08 11:33:00-04:00,0.017426215590059524,0.0,0.5681803948613362
2026-05-11,TSLA,DN,ATM,TSLA260511P00445000,TSLA260511P00445000,day_lock,1s,417.17,445.0,,2026-05-11 10:32:00-04:00,1,27.95,21.48,-0.23148479427549196,T+30,2026-05-11 10:32:00-04:00,2026-05-11 11:02:04-04:00,-0.0018926748323044862,1.0,0.30175592480226104
2026-05-11,NVDA,UP,ATM,NVDA260511C00220000,NVDA260511C00220000,day_lock,1s,219.67,220.0,,2026-05-11 10:46:00-04:00,1,0.946,1.516,0.6025369978858353,TP,2026-05-11 10:46:00-04:00,2026-05-11 10:50:52-04:00,0.001096876713869932,1.0,-0.4981958986332674
2026-05-11,NVDA,UP,ATM,NVDA260511C00220000,NVDA260511C00220000,day_lock,1s,220.86,220.0,,2026-05-11 11:15:00-04:00,2,1.604,1.716,0.06982543640897743,T+30,2026-05-11 11:15:00-04:00,2026-05-11 11:45:00-04:00,0.0013429708483920777,0.0,-1.5445927997508953
2026-05-11,NVDA,UP,ATM,NVDA260511C00220000,NVDA260511C00220000,day_lock,1s,221.9599,220.0,,2026-05-11 11:54:00-04:00,3,2.112,1.946,-0.07859848484848486,T+30,2026-05-11 11:54:00-04:00,2026-05-11 12:24:00-04:00,0.004260944157725266,0.0,0.12456098865557072
2026-05-12,TSLA,DN,ATM,TSLA260513P00432500,TSLA260513P00432500,day_lock,1s,431.56,432.5,,2026-05-12 10:57:00-04:00,1,6.92,9.77,0.4118497109826589,T+30,2026-05-12 10:57:00-04:00,2026-05-12 11:27:00-04:00,-0.013737559225097451,2.0,1.308956260206219
2026-05-12,TSLA,DN,ATM,TSLA260513P00432500,TSLA260513P00432500,day_lock,1s,426.14,432.5,,2026-05-12 11:55:00-04:00,2,10.020000000000001,9.64,-0.0379241516966069,T+30,2026-05-12 11:55:00-04:00,2026-05-12 12:25:00-04:00,-0.018881942302840016,2.0,-1.4707350557994698
2026-05-13,TSLA,UP,ATM,TSLA260513C00445000,TSLA260513C00445000,day_lock,1s,443.8,445.0,,2026-05-13 10:30:00-04:00,1,2.532,4.17,0.6469194312796207,TP,2026-05-13 10:30:00-04:00,2026-05-13 10:35:11-04:00,0.00270075366581346,0.0,-1.4603923438912343
2026-05-13,TSLA,UP,ATM,TSLA260513C00445000,TSLA260513C00445000,day_lock,1s,447.24,445.0,,2026-05-13 10:41:00-04:00,2,3.98,5.72,0.4371859296482412,T+30,2026-05-13 10:41:00-04:00,2026-05-13 11:11:00-04:00,0.0025310728072283073,0.0,-0.9591367680423504
2026-05-13,NVDA,UP,ATM,NVDA260513C00227500,NVDA260513C00227500,day_lock,1s,225.48,227.5,,2026-05-13 10:51:00-04:00,1,0.618,0.992,0.6051779935275081,TP,2026-05-13 10:51:01-04:00,2026-05-13 11:02:40-04:00,0.0034643175294466477,0.0,-0.6762532005454793
2026-05-13,NVDA,UP,ATM,NVDA260513C00227500,NVDA260513C00227500,day_lock,1s,227.5386,227.5,,2026-05-13 11:09:00-04:00,2,1.146,0.654,-0.4293193717277486,T+30,2026-05-13 11:09:00-04:00,2026-05-13 11:39:01-04:00,0.0054299288754400266,0.0,1.3044558037020983
2026-05-13,TSLA,UP,ATM,TSLA260513C00445000,TSLA260513C00445000,day_lock,1s,449.829,445.0,,2026-05-13 11:19:00-04:00,3,6.17,6.14,-0.004862236628849326,T+30,2026-05-13 11:19:00-04:00,2026-05-13 11:49:00-04:00,0.005486064959488557,0.0,1.943817555542116
2026-05-14,NVDA,UP,ATM,NVDA260515C00235000,NVDA260515C00235000,day_lock,1s,235.15,235.0,,2026-05-14 10:40:00-04:00,1,3.13,2.904,-0.07220447284345044,T+30,2026-05-14 10:40:00-04:00,2026-05-14 11:10:00-04:00,0.007082172799417696,0.0,-0.3772973343597525
2026-05-15,TSLA,DN,ATM,TSLA260515P00422500,TSLA260515P00422500,day_lock,1s,426.8771,422.5,,2026-05-15 10:30:00-04:00,1,1.422,1.406,-0.011251758087201136,T+30,2026-05-15 10:30:00-04:00,2026-05-15 11:00:00-04:00,-0.012254595473302543,4.0,-1.1186103023844007
